"id","Comm_tbl_Specialties_ID","TaxonomyCode","SpecialtyName","SpecialtyDef","IsPrimary","IsActive","InternalSpecialtyCode","DateCreated"
764,"2684466B-5640-4EC3-941B-00754FA7F0CF","103K00000X",Behavioral Analyst,"A Behavior Analyst is a practitioner who specializes in analysis of behavior problems and development of appropriate intervention and treatment plans. A Behavior Analyst may work independently or with a team of professionals. Behavior Analysts often specialize in a particular area such as autism, developmental disabilities, mental health, geriatrics, or head trauma.",1,Active,"",2008-07-08 09:36:00.000
471,"88882FD3-8647-4906-9418-00C8D0DD956A","247100000X","Technologists, Technicians & Other Technical Service Providers : Radiologic Technologist","Definition: An individual who is trained and qualified in the art and science of both ionizing and non-ionizing radiation for the purposes of diagnostic medical imaging, interventional procedures and therapeutic treatment.",1,Active,"",2003-11-04 10:21:15.550
90,BA4D2109-F1F1-4220-95C1-019F8CEFF90E,"163WA0400X",Nursing Service Providers : Registered Nurse : Addiction (Substance Use Disorder),"Definition to come...",0,Active,"",2003-11-04 10:21:14.283
397,BFC135D4-D3DF-4AA5-B4AC-01A15CF06F93,"2278E1000X","Respiratory, Rehabilitative & Restorative Service Providers : Respiratory Therapist, Certified : Educational","Definition: The focus of patient and family education activities is to promote knowledge of disease process, medical therapy, and self help.  Respiratory therapists are uniquely qualified to provide this service in regard to cardiopulmonary diseases and injury.",0,Active,"",2003-11-04 10:21:15.330
315,"735B81E0-B926-495D-B3D5-01CBC2085CA1","2084P0802X",Psychiatry & Neurology : Addiction Psychiatry,"Definition to come...",0,Active,"",2003-11-04 10:21:15.080
319,"3F50580B-2323-4C7E-B381-025FE5A1B2B3","2084S0010X",Psychiatry & Neurology : Sports Medicine,"Definition: Definition to come.",0,Active,"",2003-11-04 10:21:15.097
486,"176ECE02-B41A-4082-B461-03369234A28B","2472B0301X","Technologists, Technicians & Other Technical Service Providers : Technician, Other : Biomedical Engineering","Definition to come...",0,Active,"",2003-11-04 10:21:15.597
605,F945989E-58FA-4AE3-86A5-03A1A169D229,"322D00000X","Residential Treatment Facilities : Residential Treatment Facility, Emotionally Disturbed Children","Definition: A provider facility or distinct part of the organization which renders an interdisciplinary program of mental health treatment to individuals under 21 years of age who have persistent dysfunction in major life areas. The dysfunction is of an extent and pervasiveness that requires a protected and highly structured therapeutic environment. These organizations, or distinct part of organizations, exclude those that provide acute psychiatric care, partial hospitalization, group living, therapeutic schooling, primary diagnosis substance abuse disorder treatment, or primary diagnosis mental retardation or developmental disability treatment.Source: U.S. Department of Defense Regulation 6010.8-R, Chapter 6.",1,Active,"",2003-11-04 10:21:15.957
491,"5C56381D-F5A2-4DFF-9D0D-04D14C6B68BB","251B00000X",Oncology,"",1,Active,"",2003-11-04 10:21:15.597
68,"941580AE-5CCE-49F3-B957-0522553BB54F","146D00000X",Emergency Medical Service Providers : Personal Emergency Response Attendant,"Definition: Individuals that are specially trained to assist patients living at home with urgent/emergent situations.  These individuals must be able to perform CPR and basic first aid and have sufficient counseling skills to allay fears and assist in working through processes necessary to resolve the crisis.  Functions may include transportation to various facilities and businesses, contacting agencies to initiate remediation service or providing reassurance.",1,Active,"",2003-11-04 10:21:14.237
239,"2FE99D52-823B-46FE-A5A7-0568544B28FC","207VC0200X",Obstetrics & Gynecology : Critical Care Medicine,"Definition to come...",0,Active,"",2003-11-04 10:21:14.893
67,DB62DF13-7F26-42BB-927E-05ABE0E26A43,"136A00000X","Dietary & Nutritional Service Providers : Dietetic Technician, Registered","Definition: A person trained in food and nutrition who is an integral part of health care and foodservice management teams. A dietetic technician, registered (DTR) has successfully completed at least a two-year associates degree at a US regionally accredited college or university; a dietetic technician program approved by The American Dietetic Association, including 450 hours of supervised practice experience; a national examination administered by the Commission on Dietetic Registration; and continuing professional educational requirements to maintain registration.Source: The American Dietetic Association. Becoming a Dietetic Technician, Registered -- a food and nutrition practitioner. Chicago, IL: The American dietetic association, July 1997.",1,Active,"",2003-11-04 10:21:14.223
629,FE26963F-5DAD-401A-9EB6-05BD4FE836DB,"343900000X",Transportation Services : Non-emergency Medical Transport (VAN),"Definition: A land vehicle with a capacity to meet special height, clearance, access, and seating, for the conveyance of persons in non-emergency situations. The vehicle may or may not be required to meet local county or state regulations.",1,Active,"",2003-11-04 10:21:16.033
439,F8C9FED5-134D-4277-B62F-05BE2857403D,"246QL0900X","Technologists, Technicians & Other Technical Service Providers : Spec/Tech, Pathology : Laboratory Management","Definition to come...",0,Active,"",2003-11-04 10:21:15.457
1097,"91221FAA-FE56-419C-8844-05C9BD261A0E","171M00000X",Case Manager/Care Coordinator,,0,"","",2009-09-08 13:42:59.440
81,DDF6CBD8-E383-435A-A65D-0612726295ED,"156FC0801X",Eye and Vision Services Providers : Technician/Technologist : Contact Lens Fitter,"Definition to come...",0,Active,"",2003-11-04 10:21:14.270
698,"1ADE23A9-0F29-4EC7-8585-07207C846738","3747P1801X",Nursing Service Related Providers : Technician : Personal Care Attendant,"Definition: An individual who provides assistance with eating, bathing, dressing, personal hygiene, activities of daily living as specified in the plan of care.  Services which are incidental to the care furnished, or essential to the health and welfare of the individual may also be provided.  Personal care providers must meet state defined training and certification standardsRevision: Added definition 7/1/03",0,Active,"",2003-11-04 10:21:16.270
578,"57A70C2A-B4C9-417D-8DB2-08AD76CB3A64","2865M2000X",Hospitals : Military Hospital : Medical Center,"Definition to come...",0,Active,"",2003-11-04 10:21:15.880
739,"38B831D5-7F1D-4B31-813B-08D2E95D92BC","282J00000X",Religious Nonmedical Health Care Institution,"Furnishes only nonmedical nursing items and services to patients who choose to rely solely upon a religious method of healing, and for whom the acceptance of medical services would be inconsistent with their religious beliefs.  Furnishes nonmedical items and services exclusively through nonmedical nursing personnel who are experienced in caring for the physical needs of nonmedical patients.  For example, caring for the physical needs such as assistance with activities of daily living; assistance in moving, positioning, and ambulation; nutritional needs; and comfort and support measures.  Furnishes nonmedical items and services to inpatients on a 24-hour basis.  Does not furnish, on the basis of religious beliefs, through its personnel or otherwise, medical items and services (including any medical screening, examination, diagnosis, prognosis, treatment, or the administration of drugs) for its patients.",1,Active,"",2008-04-16 11:26:00.000
623,"6DDE1F2B-E222-461D-B0E4-091FC94D92DC","335V00000X",Suppliers : Portable X-Ray Supplier,"Definition: A supplier of diagnostic x-ray services furnished in a place or residence used as the patient's home or, in certain circumstances, in an institution, where the institution cannot bill for the services. Portable x-ray services include:  skeletal films involving arms and legs, pelvis, vertebral column, and skull;  chest films which do not involve the use of contrast media (except routine screening procedures and tests in connection with routine physical examinations); and  abdominal films which do not involve the use of contrast media.  Procedures and examinations which are excluded from portable x-ray services include the following:  procedures involving fluoroscopy;  procedures involving the use of contrast media;  procedures requiring the administration of a substance to the  patient or injection of a substance into the patient and/or special manipulation of the patient;  procedures which require special medical skill or knowledge  possessed by a doctor of medicine or doctor of osteopathy or which require that medical judgment be exercised;  procedures requiring special technical competency and/or special equipment or materials;  routine screening procedures; and  procedures which are not of a diagnostic nature.Source: Paraphrased from the Medicare Carriers Manual, Section 2070.4.",1,Active,"",2003-11-04 10:21:16.020
429,C14293DA-83F1-4A81-B2E2-09671F0AFCCA,"237600000X","Speech, Language and Hearing Service Providers : Audiologist-Hearing Aid Fitter","Definition: An audiologist/hearing aid fitter is the professional who specializes in evaluating and treating people with hearing loss, conducts a wide variety of tests to determine the exact nature of an individuals hearing problem, presents a variety of treatment options to patients, dispenses and fits hearing aids, administers tests of balance to evaluate dizziness and provides hearing rehabilitation training. This classification should be used where individuals are licensed as ""audiologist-hearing aid fitters"" as opposed to states that license individuals as ""audiologists"".Source: American Academy of Audiology, 1735 N. Lynn St, Suite 950, Arlington VA 22209, (800)AAA-2336)",1,Active,"",2003-11-04 10:21:15.427
645,"64DC17D0-2181-498F-A3D1-09C102F5E54D","363LN0000X",Physician Assistants & Advanced Practice Nursing Providers : Nurse Practitioner : Neonatal,"Definition to come...",0,Active,"",2003-11-04 10:21:16.097
118,"8F187712-BB30-4602-8EA5-0A2DDF3E9E2B","163WN0300X",Nursing Service Providers : Registered Nurse : Nephrology,"Definition to come...",0,Active,"",2003-11-04 10:21:14.347
354,"0D8F21B3-8E1D-4D42-9FC2-0A5E32F63A98","213ES0000X",Podiatric Medicine & Surgery Service Providers : Podiatrist : Sports Medicine,"Definition to come...",0,Active,"",2003-11-04 10:21:15.207
725,B31FDEED-DD9A-463B-B8F7-0AB2CD9FDFC6,"2080T0004X",Pediatrics : Pediatric Transplant Hepatology,A pediatrician with expertise in transplant hepatology encompasses the special knowledge and skill required of pediatric gastroenterologists to care for patients prior to and following hepatic transplantation; it spans all phases of liver transplantation.,0,Active,"",2008-04-16 11:26:00.000
399,"69ECE679-37FE-4B0F-9293-0ABC35CA16C3","2278G1100X","Respiratory, Rehabilitative & Restorative Service Providers : Respiratory Therapist, Certified : General Care","Definition: This level of care includes diagnostics testing, therapeutics, monitoring, rehabilitation of patients with disorders of the cardiopulmonary system, as well as, education of the patient and family in regard to those disorders.",0,Active,"",2003-11-04 10:21:15.330
121,"414F1AFE-E3CA-417C-B6AF-0AE2F14CA947","163WP0000X",Nursing Service Providers : Registered Nurse : Pain Management,"Definition to come...",0,Active,"",2003-11-04 10:21:14.347
178,"2ACC9037-BC3C-4CD6-8C42-0BFF5890993C","204E00000X",Oral & Maxillofacial Surgery,"Definition: Definition to come.",1,Active,"",2003-11-04 10:21:14.737
159,"619BB702-787B-4F03-B7FD-0C2DC9381C7B","174M00000X",Other Service Providers : Veterinarian,"Definition: A doctor of veterinary medicine, trained and authorized to practice veterinarian medicine and surgery.Source: Dorlands Illustrated Medical Dictionary. 28th edition. Philadelphia: W.B. Saunders Company, 1994, p. 1823",1,Active,"",2003-11-04 10:21:14.690
102,"055DC028-576E-4CA5-8082-0D3A81A03AAF","163WE0900X",Nursing Service Providers : Registered Nurse : Enterostomal Therapy,"Definition to come...",0,Active,"",2003-11-04 10:21:14.317
18,B5F65591-6C1D-4EA4-A0E7-0D5C8C2FE692,"103TC2200X","Behavioral Health & Social Service Providers : Psychologist : Child, Youth & Family","Definition to come...",0,Active,"",2003-11-04 10:21:14.113
299,F90F3202-53CC-43EC-BBFF-0D6B9DA85B50,"2082S0099X",Plastic Surgery : Plastic Surgery Within the Head and Neck,"Definition: A plastic surgeon with additional training in plastic and reconstructive procedures within the head, face, neck and associated structures, including cutaneous head and neck oncology and reconstruction, management of maxillofacial trauma, soft tissue reair and neural surgery.  The field is diverse and involves a wide age range of patients, from the newborn to the aged.  While both cosmetic and reconstructive surgery are practiced, there are many additional procedures which interface with them. A subspecialty certificate was approved by the ABMS in 2000.  ACGME Accredited Residency Program Requirements:  None.",0,Active,"",2003-11-04 10:21:15.050
524,C058382E-E9C9-46E5-A634-0DBB777BA8B4,"261QM0855X",Ambulatory Health Care Facilities : Clinic/Center : Adolescent and Children Mental Health,"Definition: An entity, facility, or distinct part of a facility providing diagnostic, treatment, and prescriptive services related to mental and behavioral disorders in children and adolescents.  Services may be provided to parents and family members of the patient in the form of conjoint, group, or individual therapy, and education and/or training.",0,Active,"",2003-11-04 10:21:15.707
411,F59EEF98-C62A-4028-8670-0DE15F66EBCC,"2279E1000X","Respiratory, Rehabilitative & Restorative Service Providers : Respiratory Therapist, Registered : Educational","Definition: The focus of patient and family education activities is to promote knowledge of disease process, medical therapy, and self help.  Respiratory therapists are uniquely qualified to provide this service in regard to cardiopulmonary diseases and injury.",0,Active,"",2003-11-04 10:21:15.380
214,"778478E6-7E98-4088-B5B6-0E4455793DA0","207RG0300X",Internal Medicine : Geriatric Medicine,"Definition to come...",0,Active,"",2003-11-04 10:21:14.830
74,EFBA7DEC-9E5A-4104-A2E2-0EBF96FBE523,"152WL0500X",Eye and Vision Services Providers : Optometrist : Low Vision Rehabilitation,"Definition to come...",0,Active,"",2003-11-04 10:21:14.253
521,F5A8888A-899D-4BA3-A44D-0EDEE3BB8189,"261QL0400X",Ambulatory Health Care Facilities : Clinic/Center : Lithotripsy,"Definition to come...",0,Active,"",2003-11-04 10:21:15.707
727,"0A41C306-7987-4E10-9F42-1029ADB12C63","2084B0002X",Psychiatry & Neurology : Bariatric Medicine,"Bariatric medicine is the medical treatment of obesity and its associated conditions.  Bariatric medicine addresses the obese individual with a comprehensive program of diet, exercise and behavior modification, and when indicated, the prescription of appropriate medications as determined by the Bariatric physician.  Bariatric physicians are licensed physicians who offer specialized programs in the medical treatment of obesity and its associated conditions. ",0,Active,"",2008-04-16 11:26:00.000
689,"4A84E8C2-6D63-4999-9DF5-10341D4CC4E7","364SX0204X","Physician Assistants & Advanced Practice Nursing Providers : Clinical Nurse Specialist : Oncology, Pediatrics","Definition to come...",0,Active,"",2003-11-04 10:21:16.237
601,"25C80C2A-F279-40D3-A358-1086F3560576","320600000X","Residential Treatment Facilities : Residential Treatment Facility, Mental Retardation and/or Developmental Disabilities","Definition: A residential facility that provides habilitation services and other care and treatment to adults or children diagnosed with developmental disabilities and/or mental retardation and are not able to live independently.",1,Active,"",2003-11-04 10:21:15.957
502,"89FEBF27-B5B8-4E46-A97C-10C023074DF6","261QA0600X",Ambulatory Health Care Facilities : Clinic/Center : Adult Day Care,"Definition to come...",0,Active,"",2003-11-04 10:21:15.643
508,DA3F6A91-C72F-4D94-9093-112087630FF9,"261QC1500X",Ambulatory Health Care Facilities : Clinic/Center : Community Health,"Definition to come...",0,Active,"",2003-11-04 10:21:15.660
390,EEAF8726-A168-483E-A7AF-1187981BB1F3,"225XN1300X","Respiratory, Rehabilitative & Restorative Service Providers : Occupational Therapist : Neurorehabilitation","Definition to come...",0,Active,"",2003-11-04 10:21:15.317
759,"55F43306-5589-436E-9DA3-11999803845E","224ZL0004X",Occupational Therapy Assistant : Low Vision,"Occupational therapy assistants contribute to the completion of an individualized occupational therapy low-vision evaluation under the direction and supervision of the occupational therapist to identify factors that may facilitate, compensate for, or inhibit use of vision in occupational performance.  Clients are engaged in the identification of strengths, limitations, and goals as they relate to low vision to optimize independence and participation in desired occupations.  Occupational therapy assistants also contribute to the development and implementation of an individualized occupational therapy low-vision intervention plan in collaboration with the occupational therapist, client, and relevant others that reflects the client¡¯s priorities for occupational performance.",0,Active,"",2008-07-08 09:36:00.000
706,"1748AB47-8D78-4206-ACB7-11CF3E7B4350","385HR2055X","Respite Care Facility : Respite Care : Respite Care, Mental Illness, Child","Definition: A facility or distinct part of a facility that provides short term, residential care to children, diagnosed with mental illness, as respite for the regular caregivers.",0,Active,"",2003-11-04 10:21:16.300
39,"15081472-6D50-47E5-B685-11F80A767FC0","111NN1001X",Chiropractic Providers : Chiropractor : Nutrition,"Definition to come...",0,Active,"",2003-11-04 10:21:14.160
1138,"92821332-C922-4491-AF0D-1208AFE3061D","390200000X",Student in an Organized Health Care Education/Training Program,,0,"","",2009-09-08 13:42:59.440
754,"78BC1343-187A-48B8-8D2E-12160C46548E","224ZE0001X",Occupational Therapy Assistant : Environmental Modification,"Occupational therapy assistants provide environmental modifications under the supervision of an occupational therapist.  OTAs develop and implement an individualized occupational therapy environmental modification plan that reflects the relevant contexts of the client and relevant others and maximizes current and future occupational performance, safety, and participation of the client. Clients receive environmental modification recommendations and interventions that enable them to meet occupational performance and participation goals and that have adequate flexibility to accommodate for their future needs.",0,Active,"",2008-07-08 09:36:00.000
557,"524E8A6C-145C-4943-8D15-12E289C9E0ED","261QV0200X",Ambulatory Health Care Facilities : Clinic/Center : VA,"Definition to come...",0,Active,"",2003-11-04 10:21:15.817
497,"5EE8CE65-00DB-42CD-BA7F-13849B92E8AF","251K00000X",Agencies : Public Health or Welfare,"Definition to come...",1,Active,"",2003-11-04 10:21:15.630
769,CF77B371-8141-4EE5-87A1-1394D132BCDF,"2084S0012X",Psychiatry & Neurology : Sleep Medicine,"A Psychiatrist or Neurologist who practices Sleep Medicine is certified in the subspecialty of sleep medicine and specializes in the clinical assessment, physiologic testing, diagnosis, management and prevention of sleep and circadian rhythm disorders. Sleep specialists treat patients of any age and use multidisciplinary approaches. Disorders managed by sleep specialists include, but are not limited to, sleep related breathing disorders, insomnia, hypersomnias, circadian rhythm sleep disorders, parasomnias and sleep related movement disorders.",0,Active,"",2008-09-23 15:30:04.840
365,"6DF80CB1-3D27-4CF5-9E6D-1501997A9B75","2251E1300X","Respiratory, Rehabilitative & Restorative Service Providers : Physical Therapist : Electrophysiology, Clinical","Definition to come...",0,Active,"",2003-11-04 10:21:15.237
55,BDF2FF9A-F9C7-4E68-B966-1573456E1FC6,"1223X0400X",Dental Providers : Dentist : Orthodontics and Dentofacial Orthopedics,"Definition: That area of dentistry concerned with the supervision, guidance and correction of the growing or mature dentofacial structures, including those conditions that require movement of teeth or correction of malrelationships and malformations of their related structures and the adjustment of relationships between and among teeth and facial bones by the application of forces and/or the stimulation and redirection of functional forces within the craniofacial complex.  Major responsibilities of orthodontic practice include the diagnosis, prevention, interception and treatment of all forms of malocclusion of the teeth and associated alterations in their surrounding structures; the design, application and control of functional and corrective appliances; and the guidance of the dentition and its supporting structures to attain and maintain optimum occlusal relations in physiologic and esthetic harmony among facial and cranial structures.1-30-2003",0,Active,"",2003-11-04 10:21:14.207
536,C98D8FB3-2F13-4269-A329-15A7ED9E37D4,"261QP1100X",Ambulatory Health Care Facilities : Clinic/Center : Podiatric,"Definition to come...",0,Active,"",2003-11-04 10:21:15.753
106,"9C191CB9-7A3B-4E85-BCB0-15BCEEBDB372","163WG0600X",Nursing Service Providers : Registered Nurse : Gerontology,"Definition to come...",0,Active,"",2003-11-04 10:21:14.317
50,"5C790CEF-A167-49BC-944C-167CA45FFF64","1223P0221X",Dental Providers : Dentist : Pediatric Dentistry,"Definition: An age-defined specialty that provides both primary and comprehensive preventive and therapeutic oral health care for infants and children through adolescence, including those with special health care needs.Source: Council on Dental Education and Licensure, American Dental Association",0,Active,"",2003-11-04 10:21:14.190
224,"37C6143D-1F7E-4BAA-B388-16BF532444DD","207RR0500X",Internal Medicine : Rheumatology,"Definition to come...",0,Active,"",2003-11-04 10:21:14.847
571,"9C768AD5-F366-455D-B9E8-16E4F51F1BFE","282NW0100X",Hospitals : General Acute Care Hospital : Women,"Definition to come...",0,Active,"",2003-11-04 10:21:15.863
692,C630E9BC-E669-4152-B51F-17039E30ED36,"367H00000X",Physician Assistants & Advanced Practice Nursing Providers : Anesthesiologist Assistant,"Definition: An individual certified by the state to perform anesthesia services under the direct supervision of an anesthesiologist.  Anesthesiologist Assistants are required to have a bachelor's degree with a premed curriculum prior to entering a two-year anesthesiology assistant program, which is focused upon the delivery and maintenance of anesthesia care as well as advanced patient monitoring techniques.  An Anesthesiologist Assistant must work as a member of the anesthesia care team under the direction of a qualified Anesthesiologist.",1,Active,"",2003-11-04 10:21:16.253
160,"8298C8C7-F84B-4ADC-A6A5-17AFA7FB2B92","174MM1900X",Other Service Providers : Veterinarian : Medical Research,"Definition to come...",0,Active,"",2003-11-04 10:21:14.690
32,AF4AB2BB-1E0F-4739-95ED-17E36C65CD03,"104100000X",Behavioral Health & Social Service Providers : Social Worker,"Definition: A clinical social worker is a person who is qualified by a master of Social Work (M.S.W.) degree, licensed, certified or registered by the state as a social worker and practicing within the scope of that license. A social worker provides assistance and counseling to patients and their families and dealing with social, emotional and environmental problems.",1,Active,SW,2003-11-04 10:21:14.143
1093,C943C6CB-D142-4F45-8730-1857A58D86D3,"170300000X","Genetic Counselor, MS",,0,"","",2009-09-08 13:42:59.440
589,FD120B45-0E5A-4C4C-8941-1895975EB2E8,"3104A0625X","Nursing & Custodial Care Facilities : Assisted Living Facility : Assisted Living, Mental Illness","Definition: A facility providing supportive services to individuals who can function independently in most areas of activity, but need special guidance, assistance and/or monitoring as the result of a psychiatric problem.  This type of facility requires a staff with special training in mental health training and dealing with psychiatric emergencies.",0,Active,"",2003-11-04 10:21:15.910
221,FAD05D86-6AF8-48CD-95A8-18A4DCAFD3C9,"207RM1200X",Internal Medicine : Magnetic Resonance Imaging (MRI),"Definition: Definition to come.",0,Active,"",2003-11-04 10:21:14.847
388,"227423FD-9B80-42C4-A3B4-1912A6486F75","225XH1200X","Respiratory, Rehabilitative & Restorative Service Providers : Occupational Therapist : Hand","Definition to come...",0,Active,"",2003-11-04 10:21:15.300
599,A3116885-D5CD-4A08-B135-193AA9CEDF1E,"315P00000X","Nursing & Custodial Care Facilities : Intermediate Care Facility, Mentally Retarded","Definition: (1) A public institution for care of the mentally retarded or people with related conditions. (2) An institution giving active treatment to mentally retarded or developmentally disabled persons or persons with related conditions. The primary purpose of the institution is to provide health or rehabilitative services to such individuals.Sources: (1) Lexikon: Dictionary of Health Care Terms, Organizations and Acronyms for the Era of Reform, Joint Commission on Accreditation of Healthcare Organizations, Oakbrook Terrace, IL: 1994, p. 403 (2) Paraphrased from Code of Federal Regulations #42, Public Health, Section 440.150(c).",1,Active,"",2003-11-04 10:21:15.940
345,B30F3ECA-A35B-4A33-A26B-19A9E4A856A0,"208VP0000X",Pain Medicine : Pain Management,"Definition: Definition to come.",0,Active,"",2003-11-04 10:21:15.177
1088,"68CCD6D1-F808-4A40-A7E4-19B162837F05","103TH0004X",Psychologist: Psychologist,"",0,"","",2009-09-08 13:42:59.440
685,E7106566-0B91-4FF0-9FB2-19CA87EF3DCA,"364ST0500X",Physician Assistants & Advanced Practice Nursing Providers : Clinical Nurse Specialist : Transplantation,"Definition to come...",0,Active,"",2003-11-04 10:21:16.223
681,D3E731E3-A163-4734-B5FB-19CA97404784,"364SP1700X",Physician Assistants & Advanced Practice Nursing Providers : Clinical Nurse Specialist : Perinatal,"Definition to come...",0,Active,"",2003-11-04 10:21:16.207
203,D8616F85-FF55-424D-B0FC-1A4BE425FDE9,"207QG0300X",Family Medicine : Geriatric Medicine,"A family medicine physician with special knowledge of the aging process and special skills in the diagnostic, therapeutic, preventive and rehabilitative aspects of illness in the elderly. This specialist cares for geriatric patients in the patient's home, the office, long-term care settings such as nursing homes, and the hospital.",0,Active,"",2003-11-04 10:21:14.800
132,"58209460-1109-40FB-AF3D-1A8DBC60B8D2","163WS0200X",Nursing Service Providers : Registered Nurse : School,"Definition to come...",0,Active,"",2003-11-04 10:21:14.380
549,"3EA9EA52-2EE9-4CB7-BF4B-1AD589ACA6A9","261QR0800X",Ambulatory Health Care Facilities : Clinic/Center : Recovery Care,"Definition to come...",0,Active,"",2003-11-04 10:21:15.783
598,"5633698F-C4C7-4845-A6A7-1B42A8C0DCAD","315D00000X","Nursing & Custodial Care Facilities : Hospice, Inpatient","Definition: A provider organization, or distinct part of the organization, which renders an interdisciplinary program providing palliative care, chiefly medical relief of pain and supporting services, which addresses the emotional, social, financial, and legal needs of terminally ill patients and their families where an institutional care environment is required for the patient.Source: AHA Guide, American Hospital Association.",1,Active,"",2003-11-04 10:21:15.940
677,"1F8C5D0E-7CFE-4733-AE0E-1B44C7C40B5C","364SP0810X","Physician Assistants & Advanced Practice Nursing Providers : Clinical Nurse Specialist : Psych/Mental Health, Child & Family","Definition to come...",0,Active,"",2003-11-04 10:21:16.207
245,"76A0DB09-C144-4854-B5FC-1B5C9E701201","207W00000X",Ophthalmology,"Definition to come...",1,Active,OPH,2003-11-04 10:21:14.910
374,"66639EF2-740B-45DD-A5CB-1B75AFF1840C","225400000X","Respiratory, Rehabilitative & Restorative Service Providers : Rehabilitation Practitioner","Definition: A health care practitioner who trains or retrains individuals disabled by disease or injury to help them attain their maximum functional capacity.",1,Active,"",2003-11-04 10:21:15.270
639,EFE067D1-92FA-4CAB-ABBC-1B911F9B69C5,"363LA2100X",Physician Assistants & Advanced Practice Nursing Providers : Nurse Practitioner : Acute Care,"Definition to come...",0,Active,"",2003-11-04 10:21:16.067
604,"6FB9241A-2902-4EA8-BC02-1BE166F399AC","320900000X","Residential Treatment Facilities : Community Based Residential Treatment, Mental Retardation and/or Developmental Disabilities","Definition: A home-like residential facility providing habilitation, support and monitoring services to individuals diagnosed with mental retardation and/or developmental disabilities.",1,Active,"",2003-11-04 10:21:15.957
516,"6DE6F75D-E51E-40BE-B822-1C4F0B629AF8","261QF0400X",Ambulatory Health Care Facilities : Clinic/Center : Federally Qualified Health Center (FQHC),"Definition to come...",0,Active,"",2003-11-04 10:21:15.690
12,"8542EE49-D74F-48A8-8051-1C81153C5464","103T00000X",Behavioral Health & Social Service Providers : Psychologist,"Definition: An individual who specializes in psychological research, testing, and/or therapy. Psychology is the branch of science that deals with mental processes and behavior, composed of the following major fields: abnormal, clinical, comparative, counseling, developmental, educational, engineering, experimental, industrial, learning, motivation, perception, personality, physiological, psychometrics, school, and social psychology.Source: (1) Lexikon: Dictionary of Health Care Terms, Organizations and Acronyms for the Era of Reform, The Joint Commission on Accreditation of Healthcare Organizations, Oakbrook Terrace, Illinois: 1994, p. 654.",1,Active,PHD,2003-11-04 10:21:14.097
358,"36E6D3F5-F765-46A6-A409-1C8A43D433FF","222Z00000X","Respiratory, Rehabilitative & Restorative Service Providers : Orthotist","Definition: An individual skilled in the practice, making, use and application to individual cases of an orthopedic appliance or apparatus used to support, align, prevent or correct deformities or to improve the function of movable parts of the body.Source: Dorlands Illustrated Medical Dictionary, 26th Edition, Philadelphia: W.. Saunders Company, 1981.",1,Active,"",2003-11-04 10:21:15.223
560,E54AE02B-E1F5-4EE3-9A9D-1CD8E7015143,"261QX0203X","Ambulatory Health Care Facilities : Clinic/Center : Oncology, Radiation","Definition to come...",0,Active,"",2003-11-04 10:21:15.817
264,D6F9ED5C-FFB5-4C16-873C-1D25A9ACF6EA,"207ZH0000X",Pathology : Hematology,"Definition to come...",0,Active,"",2003-11-04 10:21:14.957
442,"8D1A88A7-E31C-4D38-BF8A-1D4093997EAA","246QM0900X","Technologists, Technicians & Other Technical Service Providers : Spec/Tech, Pathology : Microbiology","Definition to come...",0,Active,"",2003-11-04 10:21:15.457
344,"5D174FEA-D70D-4DEC-AD39-1D4A6086498F","208U00000X",Clinical Pharmacology,"Definition to come...",1,Active,"",2003-11-04 10:21:15.177
653,"97AF366C-8AE9-46BE-9C9D-1D686936C44E","363LW0102X",Physician Assistants & Advanced Practice Nursing Providers : Nurse Practitioner : Women's Health,"Definition to come...",0,Active,"",2003-11-04 10:21:16.113
376,"92F8502D-BEB8-44C6-A8BF-1E3DD68B3450","2255A2300X","Respiratory, Rehabilitative & Restorative Service Providers : Specialist/Technologist : Athletic Trainer","Definition to come...",0,Active,"",2003-11-04 10:21:15.270
755,DFC668A6-01D4-482A-833B-1E794957F47E,"225XE0001X",Occupational Therapist : Environmental Modification,"Occupational therapy practitioners are experts at identifying the cause of difficulties in performance of activities of daily living and instrumental activities of daily living.  Occupational therapy practitioners evaluate the client, their environment, and their occupational performance in that environment, as well as make recommendations for products to improve the fit between the client, place, and activity.  Occupational therapists can evaluate both the skills of the client and the environmental features that support or limit the performance of meaningful or necessary activities, thereby enhancing health, safety and well-being.  Based on this assessment, they recommend modification and intervention strategies that improve the fit between the person and his or her environment.",0,Active,"",2008-07-08 09:36:00.000
174,DC824E9E-CEFC-4A04-805F-1F294C28A981,"193200000X",Group : Multi-Specialty,"Definition: A business group of one or more individual practitioners, who practice with different areas of specialization.",1,Active,"",2003-11-04 10:21:14.723
462,"94C2BED5-8806-4C22-968F-1FB9B06187DB","246ZE0500X","Technologists, Technicians & Other Technical Service Providers : Specialist/Technologist, Other : EEG","Definition to come...",0,Active,"",2003-11-04 10:21:15.520
485,"10FE4DD2-896E-4DF6-A9C0-1FCF70BF190E","247200000X","Technologists, Technicians & Other Technical Service Providers : Technician, Other","Definition: A collective term for persons with specialized training in various narrow fields of expertise whose occupations require training and skills in specific technical processes and procedures; and where further classification is deemed unnecessary by the user.Sources: Rhea, Ott, and Shafritz, The Facts On File Dictionary of Health Care Management, New York: Facts On File Publications, 1988; Dorlands Illustrated Medical Dictionary, 26th Edition. Philadelphia: W.B. Saunders Company, 1981; and Websters II New Riverside University Dictionary. Boston: Riverside Publishing Company, 1984.",1,Active,"",2003-11-04 10:21:15.580
608,"68C64B07-25EC-473F-A24A-20FB4CACF720","3245S0500X","Residential Treatment Facilities : Substance Abuse Rehabilitation Facility : Substance Abuse Treatment, Children","Definition: A facility or distinct part of a facility that provides a 24 hr therapeutically planned living and rehabilitative intervention environment for the treatment of children with disorders in the use of drugs, alcohol, and other substances.  Medical and supportive counseling services and education services are included.",0,Active,"",2003-11-04 10:21:15.973
379,A090DCAA-5062-4C8E-87F1-2116B7BD1EC1,"225700000X","Respiratory, Rehabilitative & Restorative Service Providers : Massage Therapist","Definition: An individual trained in the manipulation of tissues (as by rubbing, stroking, kneading, or tapping) with the hand or an instrument for remedial or hygienic purposes.",1,Active,"",2003-11-04 10:21:15.283
27,"4F7F6DE4-5470-43DF-9F03-2159970C5E13","103TP2700X",Behavioral Health & Social Service Providers : Psychologist : Psychotherapy,"Definition to come...",0,Active,"",2003-11-04 10:21:14.143
1101,EBCFA6C1-0DEE-415D-9ABE-220D40846255,"172V00000X",Community Health Worker,,0,"","",2009-09-08 13:42:59.440
25,E41BCF5E-916E-48F0-B213-222026DC9410,"103TM1800X",Behavioral Health & Social Service Providers : Psychologist : Mental Retardation & Developmental Disabilities,"Definition to come...",0,Active,"",2003-11-04 10:21:14.130
375,"00F72E37-22ED-4C4A-9583-222AB1ABDC06","225500000X","Respiratory, Rehabilitative & Restorative Service Providers : Specialist/Technologist","Definition: General classification identifying individuals who are trained on a specific piece of equipment or technical procedure.",1,Active,"",2003-11-04 10:21:15.270
395,"81F5975B-7BD6-449D-883E-2243A7832211","2278C0205X","Respiratory, Rehabilitative & Restorative Service Providers : Respiratory Therapist, Certified : Critical Care","Definition: Respiratory emergencies are commonplace in the treatment of critical care patients.  Included in the assessment measurements conducted by the respiratory therapist in the critical care settings are arterial blood gas puncture and analysis, intrarterial monitoring, bedside measurements of lung mechanics, hemodynamic monitoring, and inspired and expired gas measurements.  This is coupled with the initiation and management of mechanical ventilation patients.",0,Active,"",2003-11-04 10:21:15.330
190,"404A8F57-88D0-4D6B-BD3C-22DBB65D33DA","207NI0002X",Dermatology : Clinical & Laboratory Dermatological Immunology,"Definition to come...",0,Active,"",2003-11-04 10:21:14.770
511,DF5DAE37-CBAA-48C9-B771-2333B0AD2D01,"261QD1600X",Ambulatory Health Care Facilities : Clinic/Center : Developmental Disabilities,"Definition: An entity, facility, or distinct part of a facility providing comprehensive, multidiscipline diagnostic, treatment, therapy, training, and counseling services to children with congenital disorders that precipitate developmental delays and in many instances mental deficiencies (e.g., Cerebral Palsy, metabolic disorders, Sturge-Weber Syndrome, etc.).",0,Active,"",2003-11-04 10:21:15.677
474,"8BFB901B-5F54-489F-B259-238CD6B05891","2471C1106X","Technologists, Technicians & Other Technical Service Providers : Radiologic Technologist : Cardiac-Interventional Technology","Definition: Definition to come.",0,Active,"",2003-11-04 10:21:15.550
141,"2F963826-4D29-43B3-A58F-240C85DE6CA2","163WX0800X",Nursing Service Providers : Registered Nurse : Orthopedic,"Definition to come...",0,Active,"",2003-11-04 10:21:14.630
76,"1B917B49-4308-417E-A54B-245D4F711565","152WS0006X",Eye and Vision Services Providers : Optometrist : Sports Vision,"Definition to come...",0,Active,"",2003-11-04 10:21:14.253
96,A070B9ED-A2E6-4092-BEE2-245F43510E6F,"163WC1600X",Nursing Service Providers : Registered Nurse : Continuing Education/Staff Development,"Definition to come...",0,Active,"",2003-11-04 10:21:14.300
216,"9DD61B3E-E34E-4CB8-A6D4-24A61990ADB2","207RH0003X",Internal Medicine : Hematology & Oncology,"Definition to come...",0,Active,"",2003-11-04 10:21:14.830
271,"9C3A1CAD-C0F3-4426-A294-24C5A1B33EA6","207ZP0104X",Pathology : Chemical Pathology,"Definition to come...",0,Active,"",2003-11-04 10:21:14.973
757,"52E76BD6-B4C8-46F9-A974-24EA43AAB31E","225XF0002X","Occupational Therapist : Feeding, Eating & Swallowing","Occupational therapists provide interventions to clients of all ages with feeding, eating and swallowing difficulties.  Occupational therapists provide comprehensive rehabilitative, habilitative, and palliative dysphagia care, which includes collaborating with clients to provide individualized compensatory swallowing strategies, modified diet textures, adapted mealtime environments, enhanced feeding skills, preparatory exercises and positioning to clients, reinforcement of mealtime strategies to enhance and improve swallowing skills, and training to caregivers to enhance eating and feeding performance.  Occupational therapists provide screening and in-depth clinical assessment which may include instrumental dysphagia assessments including videofluroscopy.",0,Active,"",2008-07-08 09:36:00.000
515,B2D1AB48-349B-40A7-BD8B-254B6D3ACA1C,"261QF0050X","Ambulatory Health Care Facilities : Clinic/Center : Family Planning, Non-Surgical","Definition: An entity, facility, or distinct part of a facility, or mobile unit providing non-surgical, family planning/reproductive services including physical examination, laboratory services such as PAP or pregnancy tests; pregnancy, pregnancy prevention/contraceptive, and nutritional counseling, and contraceptives or prescriptions for contraceptives.",0,Active,"",2003-11-04 10:21:15.690
222,"6C2BE248-0EF6-4425-A781-25632FC9C8AD","207RN0300X",Internal Medicine : Nephrology,"Definition: Definition to come.",0,Active,"",2003-11-04 10:21:14.847
248,E71B4D39-3F98-4034-AD8B-256A7F93955B,"207XS0114X",Orthopaedic Surgery : Adult Reconstructive Orthopaedic Surgery,"Definition to come...",0,Active,"",2003-11-04 10:21:14.910
238,"38088B8A-C787-4748-9B13-2618780CBDC1","207V00000X",Obstetrics & Gynecology,"Definition to come...",1,Active,OBS,2003-11-04 10:21:14.880
83,E8CD3282-AE6C-4839-B233-2659A56D2210,"156FX1101X",Eye and Vision Services Providers : Technician/Technologist : Ophthalmic Assistant,"Definition to come...",0,Active,"",2003-11-04 10:21:14.270
607,E999B217-1991-4025-9A55-2738C3D9A982,"324500000X",Residential Treatment Facilities : Substance Abuse Rehabilitation Facility,"Definition: A facility or distinct part of a facility that provides a 24 hr therapeutically planned living and rehabililtative intervention environment for the treatment of individuals with disorders in the abuse of drugs, alcohol, and other substances.Revision: Changed ""Use"" to ""Abuse"" in code and definition title 7/1/03",1,Active,"",2003-11-04 10:21:15.973
6,BF1A3173-ECB5-4899-A8AB-276E24BD941D,"101YM0800X",Behavioral Health & Social Service Providers : Counselor : Mental Health,"Definition to come...",0,Active,"",2003-11-04 10:21:14.080
518,"4E4E4E20-05ED-41BF-AE1C-277FF62A0C9B","261QH0100X",Ambulatory Health Care Facilities : Clinic/Center : Health,"Definition to come...",0,Active,"",2003-11-04 10:21:15.690
638,BB0351CB-6530-48AB-A54F-281929E851DA,"363L00000X",Physician Assistants & Advanced Practice Nursing Providers : Nurse Practitioner,"Definition: (1)A registered nurse provider with a graduate degree in nursing prepared for advanced practice involving independent and interdependent decision making and direct accountability for clinical judgment across the health care continuum or in a certified specialty. (2) A registered nurse who has completed additional training beyond basic nursing education and who provides primary health care services in accordance with state nurse practice laws or statutes. Tasks performed by nurse practitioners vary with practice requirements mandated by geographic, political, economic, and social factors. Nurse practitioner specialists include, but are not limited to, family nurse practitioners, gerontological nurse practitioners, pediatric nurse practitioners, obstetric-gynecologic nurse practitioners, and school nurse practitioners.Source: (1)American Nurses?Association, American Nurses Credentialing Center, 1996 Certification Catalogue. (2) ) Lexikon: Dictionary of Health Care Terms, Organizations and Acronyms for the Era of Reform, The Joint Commission on Accreditation of Healthcare Organizations, Oakbrook Terrace, Illinois: 1994, p. 549.",1,Active,PNP,2003-11-04 10:21:16.067
750,"55E10AEE-C747-437C-AA86-2868C8F9DCD7","3336S0011X",Pharmacy : Specialty Pharmacy,"A pharmacy that dispenses generally low volume and high cost medicinal preparations to patients who are undergoing intensive therapies for illnesses that are generally chronic, complex and potentially life threatening. Often these therapies require specialized delivery and administration.",0,Active,"",2008-04-16 11:26:00.000
7,"34AAC11D-70FC-4A6E-99DD-28690DDD96BA","101YP1600X",Behavioral Health & Social Service Providers : Counselor : Pastoral,"Definition to come...",0,Active,"",2003-11-04 10:21:14.080
186,E954A0FA-4FD0-4F34-9C40-287C0AB9B655,"207LP2900X",Anesthesiology : Pain Medicine,"Definition to come...",0,Active,"",2003-11-04 10:21:14.753
641,"41A35FB8-0B61-49F2-AF7C-2897514DAA90","363LC0200X",Physician Assistants & Advanced Practice Nursing Providers : Nurse Practitioner : Critical Care Medicine,"Definition to come...",0,Active,"",2003-11-04 10:21:16.080
1103,"9E8668C4-5445-4E4A-BD13-28C215D82E1A","174H00000X",Health Educator,,0,"","",2009-09-08 13:42:59.440
146,"1D5C5444-2803-4E4B-9110-291A801F8369","167G00000X",Nursing Service Providers : Licensed Psychiatric Technician,"Definition: An individual licensed by the state board as a Psychiatric Technician based upon completion of a prescribed course of theory and clinical practice, with two thirds of the clinical practice time focused on mental and developmental disorders.  The psychiatric technician practices under the direct supervision of a physician, psychologist, registered nurse or other professional to provide care to patients with mental disorders and developmental disabilities.",1,Active,"",2003-11-04 10:21:14.643
188,D643C459-3886-4CF4-BF3E-29599AC49550,"207ND0101X",Dermatology : MOHS-Micrographic Surgery,"Definition to come...",0,Active,"",2003-11-04 10:21:14.753
228,"00FE6840-24BC-4032-A70D-295CFEF55648","207SG0201X",Medical Genetics : Clinical Genetics (M.D.),"Definition to come...",0,Active,CLG,2003-11-04 10:21:14.863
229,"7EE609D0-0F31-4F6F-8434-2996174E284B","207SG0202X",Medical Genetics : Clinical Biochemical Genetics,"Definition to come...",0,Active,CBG,2003-11-04 10:21:14.863
181,"77276461-94C3-40B4-9A38-29D7C150C879","207KA0200X",Allergy & Immunology : Allergy,"Definition to come...",0,Active,"",2003-11-04 10:21:14.737
124,"88EB2C56-374C-48A8-A490-29FAE18CA6C8","163WP0807X","Nursing Service Providers : Registered Nurse : Psych/Mental Health, Child & Adolescent","Definition to come...",0,Active,"",2003-11-04 10:21:14.363
62,"2926F5A9-62FC-4ECA-8115-2A832D32C80B","133NN1002X","Dietary & Nutritional Service Providers : Nutritionist : Nutrition, Education","Definition to come...",0,Active,"",2003-11-04 10:21:14.223
1129,DFDB054B-439A-4501-B9E0-2B0625092873,"332800000X",Indian Health Service/Tribal/Urban Indian Health (I/T/U) Pharmacy,,0,"","",2009-09-08 13:42:59.440
1111,"1C5A7BF6-08FE-4DA1-AB67-2B406E746CC0","207YS0012X",Otolaryngology: Sleep Medicine,,0,"","",2009-09-08 13:42:59.440
135,A49B6600-152F-4F1F-BB1A-2B41BEE6B9D1,"163WW0101X","Nursing Service Providers : Registered Nurse : Women's Health Care, Ambulatory","Definition to come...",0,Active,"",2003-11-04 10:21:14.613
312,"5665CB9A-91B4-48B4-89A7-2B4AFFDB4C76","2084N0600X",Psychiatry & Neurology : Clinical Neurophysiology,"Definition to come...",0,Active,"",2003-11-04 10:21:15.080
646,"3D69339E-5C13-4B12-A9DF-2B799B64BF67","363LN0005X","Physician Assistants & Advanced Practice Nursing Providers : Nurse Practitioner : Neonatal, Critical Care","Definition to come...",0,Active,"",2003-11-04 10:21:16.097
19,"71684E38-76EF-4F09-8050-2C2CEAB3CCA0","103TE1000X",Behavioral Health & Social Service Providers : Psychologist : Educational,"Definition to come...",0,Active,"",2003-11-04 10:21:14.113
41,BEE6FF08-8FFF-4FDF-A2C1-2CAD4B71CA2F,"111NS0005X",Chiropractic Providers : Chiropractor : Sports Physician,"Definition to come...",0,Active,"",2003-11-04 10:21:14.177
581,A74D93A3-0FA9-4A2C-87ED-2CDBC366CA92,"291U00000X",Laboratories : Clinical Medical Laboratory,"Definition: (1) A clinical laboratory is a facility for the biological, microbiological, serological, chemical, immunohematological, hematological, biophysical, cytological, pathological, or other examination of materials derived from the human body for the purpose of providing information for the diagnosis, prevention, or treatment of any disease or impairment of, human beings. These examinations also include procedures to determine, measure, or otherwise describe the presence or absence of various substances or organisms in the body. Facilities only collecting or preparing specimens (or both) or only serving as a mailing service and not performing testing are not considered clinical laboratories. (2) Any facility that examines materials from the human body for purposes of providing information for the diagnosis, prevention, or treatment of any disease or impairment of, or the assessment of, the health of human beings. Typical divisions of a clinical laboratory include hematology, cytology, bacteriology, histology, biochemistry, medical toxicology, and serology.Source: (1) Code of Federal Regulations #42, Public Health, Section 493.2. (2) ) Lexikon: Dictionary of Health Care Terms, Organizations and Acronyms for the Era of Reform, The Joint Commission on Accreditation of Healthcare Organizations, Oakbrook Terrace, Illinois: 1994, p. 186.",1,Active,"",2003-11-04 10:21:15.880
696,"3E9C3CD4-5C20-4445-BBD4-2D25722F7460","374700000X",Nursing Service Related Providers : Technician,"Definition: (1) A person with specialized training in a narrow field of expertise whose occupation requires training and is skilled in specific technical processes and procedures. (2) An individual having special skill or practical knowledge in an area, such as operation and maintenance of equipment or performance of laboratory procedures involving biochemical analyses. Special technical qualifications are normally required, though an increasing number or technicians also possess university degrees in science, and occasionally doctorate degrees. The distinction between technician and technologist in the health care field is not always clear.Sources: (1) Rhea, Ott, and Shafritz, The Facts on File Dictionary of Health Care Management, New York: Facts on File Publications, 1988; Dorlands Illustrated Medical Dictionary, 26th Edition, Philadelphia: W.B. Saunders Company, 1981 and Websters II New Riverside University Dictionary, Boston: Riverside Publishing Company, 1984. (2) ) Lexikon: Dictionary of Health Care Terms, Organizations and Acronyms for the Era of Reform, The Joint Commission on Accreditation of Healthcare Organizations, Oakbrook Terrace, Illinois: 1994, p. 776.",1,Active,ORT,2003-11-04 10:21:16.270
53,B5D84A57-DECA-44F3-ADF8-2D2DD481EF16,"1223S0112X",Dental Providers : Dentist : Oral and Maxillofacial Surgery,"Definition: The specialty of dentistry which includes the diagnosis, surgical and adjunctive treatment of diseases, injuries and defects involving both the functional and esthetic aspects of the hard and soft tissues of the oral and maxillofacial region.Source: Council on Dental Education and Licensure, American Dental Association",0,Active,"",2003-11-04 10:21:14.190
21,"0C6A07B6-DCEE-4FC3-98F5-2D39CF30825E","103TF0000X",Behavioral Health & Social Service Providers : Psychologist : Family,"Definition to come...",0,Active,"",2003-11-04 10:21:14.130
309,"74002B30-0595-433C-A2BB-2D593E275A43","2084F0202X",Psychiatry & Neurology : Forensic Psychiatry,"Definition to come...",0,Active,"",2003-11-04 10:21:15.067
468,D53A7358-03EA-4618-86BA-2D8F009F8EA2,"246ZS0400X","Technologists, Technicians & Other Technical Service Providers : Specialist/Technologist, Other : Surgical","Definition to come...",0,Active,"",2003-11-04 10:21:15.533
406,A9293B45-2581-498C-8D5F-2DA72045B550,"2278P4000X","Respiratory, Rehabilitative & Restorative Service Providers : Respiratory Therapist, Certified : Patient Transport","Definition: Transport respiratory therapist provide patient assessment, initiation of treatment modalities and continued monitoring of patient status of the critically ill and injured patients with special attention to advanced airway and ventilator management.  The transport respiratory therapist knowledge and experience with complex neonatal, pediatric and adult patient care issues provides them with an expertise to assist with any patient care issue in a variety of transport modes.",0,Active,"",2003-11-04 10:21:15.363
119,D08BC2E5-E69D-4FCA-847F-2DAEE599695A,"163WN0800X",Nursing Service Providers : Registered Nurse : Neuroscience,"Definition to come...",0,Active,"",2003-11-04 10:21:14.347
597,"8E0A2D47-5DBA-4910-B8A0-2E4C1E6E2990","3140N1450X","Nursing & Custodial Care Facilities : Skilled Nursing Facility : Nursing Care, Pediatric","Definition: A nursing care facility designed and staffed for the provision of nursing care and appropriate educational and habilitative/rehabilitative services to children with multiple, complex or profound disabilities that can not be cared for in a less restrictive environment.",0,Active,"",2003-11-04 10:21:15.940
738,"6E9AC236-B568-4ECA-9BCC-2E502B46949D","282E00000X",Long Term Care Hospital,Long-term care hospitals (LTCHs) furnish extended medical and rehabilitative care to individuals who are clinically complex and have multiple acute or chronic conditions.,1,Active,"",2008-04-16 11:26:00.000
483,"623110F0-9526-45FE-AD59-2ECF3F821DBD","2471V0105X","Technologists, Technicians & Other Technical Service Providers : Radiologic Technologist : Vascular Sonography","Definition: Definition to come.",0,Active,"",2003-11-04 10:21:15.580
551,E73F4A81-F9B0-4951-8D09-2EE65B2C9D34,"261QR1300X",Ambulatory Health Care Facilities : Clinic/Center : Rural Health,"Definition to come...",0,Active,"",2003-11-04 10:21:15.800
73,"98E2E4EA-3AD6-423D-8E35-2F1A300D43F1","152WC0802X",Eye and Vision Services Providers : Optometrist : Corneal and Contact Management,"Definition: Definition to come.",0,Active,"",2003-11-04 10:21:14.237
342,"81AB0D4F-73B8-4CEF-A15F-2F339FA2E293","208G00000X",Thoracic and Cardiac Surgery,"Definition to come...
",1,Active,THC,2003-11-04 10:21:15.177
128,"0EFE05D9-6287-4077-9FAC-2F3837E8F858","163WP2201X",Nursing Service Providers : Registered Nurse : Ambulatory Care,"Definition to come...",0,Active,"",2003-11-04 10:21:14.363
361,"6DF2353C-E12F-4BBA-9213-2F3BD6DE5DD6","225000000X","Respiratory, Rehabilitative & Restorative Service Providers : Orthotics/Prosthetics Fitter","Definition: (1) An individual who, under the guidance of and in consultation with the orthotist/prosthetist, fabricates orthotics/prosthetics in such a manner as to provide maximum fit, function, cosmesis and workmanship. (2) An individual who, under the direction of a orthotist/prothetist, follows prescriptions and specifications to determine a device, such as a brace, to be made and the materials and tools needed to make the device. A technician then develops the devices.Source: (2) Lexikon: Dictionary of Health Care Terms, Organizations and Acronyms for the Era of Reform, The Joint Commission on Accreditation of Healthcare Organizations, Oakbrook Terrace, Illinois: 1994, p. 576.",1,Active,"",2003-11-04 10:21:15.223
591,"5AD85D5D-99D8-4B6A-9EE7-2FA26D360222","310500000X","Nursing & Custodial Care Facilities : Intermediate Care Facility, Mental Illness","Definition: A nursing facility that provides an intermediate level of nursing care to individuals whose functional abilities are significantly compromise by mental illness.",1,Active,"",2003-11-04 10:21:15.927
405,"0F1DBEAB-294A-4BD9-95F7-30097B1D479C","2278P3900X","Respiratory, Rehabilitative & Restorative Service Providers : Respiratory Therapist, Certified : Neonatal/Pediatrics","Definition: The care and treatment of premature infants, newborns and children.  This includes management of mechanical ventilation, assessment, diagnostics and generalized respiratory treatments.",0,Active,"",2003-11-04 10:21:15.347
539,"167BB59B-82ED-4DBF-A7BE-30517C6D8663","261QP2400X",Ambulatory Health Care Facilities : Clinic/Center : Prison Health,"Definition to come...",0,Active,"",2003-11-04 10:21:15.753
480,"99DA88FB-24DF-448B-9851-3187B4B4BF2B","2471Q0001X","Technologists, Technicians & Other Technical Service Providers : Radiologic Technologist : Quality Management","Definition to come...",0,Active,"",2003-11-04 10:21:15.567
1106,"3B68807D-BCAA-4EE3-BF55-31E115F483F1","207LH0002X",Anesthesiology: Hospice and Palliative Medicine,,0,"","",2009-09-08 13:42:59.440
1127,"8B159B45-5E81-42C3-BAD0-31EB70F10B1B","332000000X",Military/U.S. Coast Guard Pharmacy,,0,"","",2009-09-08 13:42:59.440
489,"387B39C4-B0BD-4084-84AC-3238877144E1","2472R0900X","Technologists, Technicians & Other Technical Service Providers : Technician, Other : Renal Dialysis","Definition to come...",0,Active,"",2003-11-04 10:21:15.597
1112,FAB4DB58-1848-4C4D-BCC9-32C137826AC1,"2080C0008X",Pediatrics: Child Abuse Pediatrics,,0,"","",2009-09-08 13:42:59.440
735,"3C38EDCD-9C30-445C-8D4E-330B4B88DCAC","253J00000X",Foster Care Agency,"A Foster Care Agency is an agency that provides foster care as defined in the Code of Federal Regulations (CFR) as ""24-hour substitute care for children outside their own homes."" Foster care settings include, but are not limited to, nonrelative foster family homes, relative foster homes (whether payments are being made or not), group homes, emergency shelters, residential facilities, and pre-adoptive homes.",1,Active,"",2008-04-16 11:26:00.000
415,A61BCBB3-29E6-4931-945C-333D9F127F69,"2279P1004X","Respiratory, Rehabilitative & Restorative Service Providers : Respiratory Therapist, Registered : Pulmonary Diagnostics","Definition: Included in the area of pulmonary diagnostics are the following; collection and analysis of physiological specimens, interpretation of physiological data, administration of tests of the cardiopulmonary system, and the conduct of both neurophysiological and sleep disorders studies.",0,Active,"",2003-11-04 10:21:15.380
377,"7EAC4BC7-5261-479B-A7C1-333F09EE4775","2255R0406X","Respiratory, Rehabilitative & Restorative Service Providers : Specialist/Technologist : Rehabilitation, Blind","Definition to come...",0,Active,"",2003-11-04 10:21:15.270
165,"83EAA31C-F02F-4160-BB8C-336BA5E065F6","176P00000X",Other Service Providers : Funeral Director,"Definition: A person, usually an embalmer, whose business is to arrange for the burial or cremation of the dead and to assist at the funeral rites.Source: Joint Commission on Accreditation of Healthcare Organizations, Lexikon: Dictionary of Health Care Terms, Organizations and Acronyms for the Era of Reform, Oakbrook Terrace, IL: 1994, p. 323",1,Active,"",2003-11-04 10:21:14.707
353,"1354064A-4E1C-40BA-966F-33AEA0729FBC","213ER0200X",Podiatric Medicine & Surgery Service Providers : Podiatrist : Radiology,"Definition to come...",0,Active,"",2003-11-04 10:21:15.207
640,"333CB7EC-AED3-44F7-8A45-3405FDE32DC4","363LA2200X",Physician Assistants & Advanced Practice Nursing Providers : Nurse Practitioner : Adult Health,"Definition to come...",0,Active,"",2003-11-04 10:21:16.080
123,"36B34D18-EFB0-4E51-86E6-34803A851B63","163WP0218X",Nursing Service Providers : Registered Nurse : Pediatric Oncology,"Definition to come...",0,Active,"",2003-11-04 10:21:14.363
257,"11356CCA-5488-4600-A3A1-34BFD56DD61E","207YX0602X",Otolaryngology : Otolaryngic Allergy,"Definition to come...",0,Active,"",2003-11-04 10:21:14.940
292,C6885B06-04B2-4903-8099-35938DE0CBD5,"2080T0002X",Pediatrics : Medical Toxicology,"Definition: Medical Toxicologists evaluate and manage patients with accidental or intentional poisoning through exposure to prescription and non-prescription medications, drugs of abuse, household or industrial toxins, and environmental toxins.  These physicians provide consultations through affiliations with regional poison control centers or within their respective medical institutions.  The more important areas of Medical Toxicology include but are not limited to the following list subjects:  acute pediatric and adult drug ingestion; drug abuse, addiction, and withdrawal; chemical poisoning exposure and toxicity; hazardous materials exposure and toxicity; occupational toxicology; biological poisons; basic concepts of toxicology such as kinetics, dose-response relationships, indices of toxicity and safety standards; basic principles of poison prevention; basic principles of toxic exposure and preventive methodologies.ACGME Accredited Residency Program Requirements:  Medical Toxicology (EM) 2 years with 3-4 years Emergency Medicine for a total of 5-6 years; for Medical Toxicology (Preventive Medicine) 2 years with 3 years Preventive Medicine for a total of 5 years.  Medical Toxcology (Pediatrics):  None. ABMS Approved Subspecialty Certificates (Emergency Medicine) (Pediatrics) (Preventive Medicine) ",0,Active,"",2003-11-04 10:21:15.033
49,"0395866F-0C69-41EB-A497-3604CD9F634C","1223P0106X",Dental Providers : Dentist : Oral and Maxillofacial Pathology,"Definition: The specialty of dentistry and discipline of pathology that deals with the nature, identification, and management of diseases affecting the oral and maxillofacial regions.  It is a science that investigates the causes, processes, and effects of these diseases.  The practice of oral and maxillofacial pathology includes research and diagnosis of diseases using clinical, radiographic, microscopic, biochemical, or other examinations.Source: Council on Dental Education and Licensure, American Dental Association",0,Active,"",2003-11-04 10:21:14.190
419,A447B9B7-F1F1-4AFD-9D07-368674ECE0EC,"2279P3900X","Respiratory, Rehabilitative & Restorative Service Providers : Respiratory Therapist, Registered : Neonatal/Pediatrics","Definition: The care and treatment of premature infants, newborns and children.  This includes management of mechanical ventilation, assessment, diagnostics and generalized respiratory treatments.",0,Active,"",2003-11-04 10:21:15.393
1099,C89952DD-E979-43B5-AE0C-36B65B5D25B5,"172M00000X",Mechanotherapist,,0,"","",2009-09-08 13:42:59.440
614,"06500E38-4920-4F88-8757-36B77F454335","332BP3500X",Suppliers : Durable Medical Equipment & Medical Supplies : Parenteral & Enteral Nutrition,"Definition to come...",0,Active,"",2003-11-04 10:21:15.987
1109,D9CD0BB7-ED45-45B7-AF48-36BC3F317B77,"207VH0002X",Obstetrics & Gynecology: Hospice and Palliative Medicine,,0,"","",2009-09-08 13:42:59.440
255,"4629F1BA-6E32-43DF-9C29-37405091F0F6","207YS0123X",Otolaryngology : Facial Plastic Surgery,"Definition to come...",0,Active,"",2003-11-04 10:21:14.940
153,DEBD4643-E98D-42F0-8C96-37BDF308675C,"173000000X",Other Service Providers : Legal Medicine,"Definition: The specialty areas of medicine concerned with matters of, and relations with, substantive law and legal institutions; such as the conduct of medical examinations at crime scenes, performance of autopsies, giving of expert medical testimony in judicial proceedings, medical treatment of inmates of penal institutions, the practice of trauma medicine in law enforcement settings, and other clinical practice and medical science applications in the fields of law, law enforcement, and corrections.Source: Rhea, Ott, and Shafritz, The Facts On File Dictionary of Health Care Management, New York: Facts On File Publications, 1988.",1,Active,"",2003-11-04 10:21:14.660
472,"4BE7A557-E24F-424C-9403-37D6A0E38906","2471B0102X","Technologists, Technicians & Other Technical Service Providers : Radiologic Technologist : Bone Densitometry","Definition: Definition to come.",0,Active,"",2003-11-04 10:21:15.550
724,"1ED7C5FE-5FCB-4BB6-938E-37FE718275D6","207ZC0006X",Pathology : Clinical Pathology,"A pathologist deals with the causes and nature of disease and contributes to diagnosis, prognosis and treatment through knowledge gained by the laboratory application of the biologic, chemical and physical sciences. A pathologist uses information gathered from the microscopic examination of tissue specimens, cells and body fluids, and from clinical laboratory tests on body fluids and secretions for the diagnosis, exclusion and monitoring of disease.    To acknowledge the diverse activities in the practice of pathology and to accommodate the interests of individuals wanting to enter the field, the ABP offers primary certification through the following three routes: combined anatomic pathology and clinical pathology, anatomic pathology only and clinical pathology only.  Primary certification in anatomic pathology or clinical pathology may be combined with some of the subspecialty certifications.    This taxonomy code identifies the combined anatomic ?linical pathology only?route.   ",0,Active,"",2008-04-16 11:26:00.000
463,"86649E00-900C-4C59-BC9A-382C9137AF39","246ZE0600X","Technologists, Technicians & Other Technical Service Providers : Specialist/Technologist, Other : Electroneurodiagnostic","Definition to come...",0,Active,"",2003-11-04 10:21:15.520
386,FBFAD3FF-2DE8-46E8-8092-38D1001D711A,"225X00000X","Respiratory, Rehabilitative & Restorative Service Providers : Occupational Therapist","Definition: An occupational therapist is a person qualified by completion of an approved program in occupational therapy, licensed by the state and practicing within the scope of that license, or where licensure does not exist, certified by the American Occupational Therapy Certification Board. An occupational therapist evaluates the self-care, work and leisure performance skills of well and disabled clients and plans and implements programs to restore, develop or maintain the task performance skills necessary for daily living and for the clients particular occupational role.",1,Active,"",2003-11-04 10:21:15.300
631,"9A8085E6-6A56-4256-B795-39756367F36F","347B00000X",Transportation Services : Bus,"Definition: A public or private organization or business licensed to provide bus services.",1,Active,"",2003-11-04 10:21:16.050
147,"6CB7FD2A-1ACE-4212-AD83-397B92C1EE5C","170100000X","Other Service Providers : Medical Genetics, Ph.D. Medical Genetics","Definition: A medical geneticist works in association with a medical specialist, is affiliated with a clinical genetics program, and serves as a consultant to medical and dental specialists. A general certificate was first issued by ABMS in 1982.  ACGME Accredited Residency Program Requirements:  None.",1,Active,"",2003-11-04 10:21:14.643
211,"93F92D1A-425E-451E-BAFD-39C50B27DEF0","207RC0200X",Internal Medicine : Critical Care Medicine,"Definition to come...",0,Active,"",2003-11-04 10:21:14.817
1119,"7E6833DA-B1BB-4D61-9E9B-3ACB3E8662D2","2085D0003X",Radiology: Diagnostic Neuroimaging,,0,"","",2009-09-08 13:42:59.440
401,"3A44C968-8934-4170-9CD3-3AF28528084D","2278P1004X","Respiratory, Rehabilitative & Restorative Service Providers : Respiratory Therapist, Certified : Pulmonary Diagnostics","Definition: Included in the area of pulmonary diagnostics are the following; collection and analysis of physiological specimens, interpretation of physiological data, administration of tests of the cardiopulmonary system, and the conduct of both neurophysiological and sleep disorders studies.",0,Active,"",2003-11-04 10:21:15.347
509,D7CDEF09-A2EF-4398-9362-3B4BF8E4CDA3,"261QC1800X",Ambulatory Health Care Facilities : Clinic/Center : Corporate Health,"Definition to come...",0,Active,"",2003-11-04 10:21:15.660
624,E1335C33-1540-40C5-B1A3-3B75DCA09805,"341600000X",Transportation Services : Ambulance,"Definition: An emergency vehicle used for transporting patients to a health care facility after injury or illness. Types of ambulances used in the United States include ground (surface) ambulance, rotor-wing (helicopter), and fixed-wing aircraft (airplane).Source: Lexikon: Dictionary of Health Care Terms, Organizations and Acronyms for the Era of Reform, The Joint Commission on Accreditation of Healthcare Organizations, Oakbrook Terrace, Illinois: 1994, p. 37.",1,Active,"",2003-11-04 10:21:16.020
57,"1AFA2ECE-95DE-4CE5-A44E-3B7FDEBF8431","124Q00000X",Dental Providers : Dental Hygienist,"Definition: An individual who has completed an accredited dental hygiene education program, and an individual who has been licensed by a state board of dental examiners to provide preventive care services under the supervision of a dentist.  Functions that may be legally delegated to the dental hygienist vary based on the needs of the dentist, the educational preparation of the dental hygienist and state dental practice acts and regulations, but always include, at a minimum, scaling and polishing the teeth.  To avoid misleading the public, no occupational title other than dental hygienist should be used to describe this dental auxiliary.Source: Comprehensive Policy Statement on Dental Auxiliaries, American Dental Association.",1,Active,"",2003-11-04 10:21:14.207
323,E0F9EA91-CDF3-4549-87A4-3B9A6C7C0C4A,"2085N0904X",Radiology : Nuclear Radiology,"Definition to come...",0,Active,"",2003-11-04 10:21:15.113
240,"976E97B9-9B90-4DE6-92CB-3BA22A0CC71D","207VE0102X",Obstetrics & Gynecology : Reproductive Endocrinology,"Definition: Definition to come.",0,Active,"",2003-11-04 10:21:14.893
577,A407C7CA-B4C0-4BA3-8DB4-3BCDCC112EA7,"2865C1500X",Hospitals : Military Hospital : Community Health,"Definition to come...",0,Active,"",2003-11-04 10:21:15.880
525,"431E2F5A-BB23-4B9A-8E9D-3BFF48793308","261QM1000X",Ambulatory Health Care Facilities : Clinic/Center : Migrant Health,"Definition to come...",0,Active,"",2003-11-04 10:21:15.723
708,E6055AFB-247E-466B-A435-3C268C2D6969,"385HR2065X","Respite Care Facility : Respite Care : Respite Care, Physical Disabilities, Child","Definition: A facility or distinct part of a facility that providers short term, residential care to children, diagnosed with complex or profound disabilities as respite for the regular caregivers.",0,Active,"",2003-11-04 10:21:16.317
675,B059EEC4-597F-4220-9F21-3C50313046BA,"364SP0808X",Physician Assistants & Advanced Practice Nursing Providers : Clinical Nurse Specialist : Psych/Mental Health,"Definition to come...",0,Active,"",2003-11-04 10:21:16.190
75,"873BC492-11D2-47AC-BC4C-3C52FED85803","152WP0200X",Eye and Vision Services Providers : Optometrist : Pediatrics,"Definition to come...",0,Active,"",2003-11-04 10:21:14.253
177,"5542D79E-0800-4928-929A-3CCF6178295B","204D00000X",Neuromusculoskeletal Medicine & OMM,"Definition: Definition to come.",1,Active,"",2003-11-04 10:21:14.737
459,EE5CCAC0-22C6-4F32-9BA8-3CDD0D920A26,"246ZB0302X","Technologists, Technicians & Other Technical Service Providers : Specialist/Technologist, Other : Biomedical Photographer","Definition to come...",0,Active,"",2003-11-04 10:21:15.503
400,"4BEE05AC-4B39-4DB2-BF75-3DC7D8C2B3BB","2278H0200X","Respiratory, Rehabilitative & Restorative Service Providers : Respiratory Therapist, Certified : Home Health","Definition: Home care fosters individual responsibility for self-management of chronic respiratory conditions.  It includes individualized assessment based plans of care service developed to promote safe, proper, and sustained use of prescribed respiratory therapy medications, equipment, and techniques in the home.",0,Active,"",2003-11-04 10:21:15.347
256,"16676C38-9862-4FA9-BFFD-3DE41E823628","207YX0007X",Otolaryngology : Plastic Surgery within the Head & Neck,"Definition to come...",0,Active,"",2003-11-04 10:21:14.940
615,F11D4D49-4A93-4574-A320-3E06627230D5,"332BX2000X",Suppliers : Durable Medical Equipment & Medical Supplies : Oxygen Equipment & Supplies,"Definition to come...",0,Active,"",2003-11-04 10:21:15.987
295,B6A6B85C-A4DC-493D-AAB6-3E1A2CA50603,"2081P0010X",Physical Medicine & Rehabilitation : Pediatric Rehabilitation Medicine,"Definition: Pediatric Rehabilitation Medicine is a subspecialty of Physical Medicine & Rehabilitation.  A physiatrist who utilizes an interdisciplinary approach and addresses the prevention, diagnosis, treatment, and management of congenital and childhood onset physical impairments including related or secondary medical, physical, functional, psychosocial, and vocational limitations or conditions, with an understanding of the life course of disability.  This physician is trained in the identification of functional capabilities and selection of the best of rehabilitation intervention strategies, with an understanding of the continuum of care.A subspecialty certificate for PRM was approved by the ABMS in 1999.   ACGME Accredited Residency Program Requirements:  Early discussions underway",0,Active,"",2003-11-04 10:21:15.033
142,"73B8CC4B-D140-46EA-954E-3E496C20F984","163WX1100X",Nursing Service Providers : Registered Nurse : Ophthalmic,"Definition to come...",0,Active,"",2003-11-04 10:21:14.630
394,"44FC7C91-DA3F-4C0C-A0F2-3EA8EDD49DC2","227800000X","Respiratory, Rehabilitative & Restorative Service Providers : Respiratory Therapist, Certified","Definition: A Certified Respiratory Therapist (CRT) is a an entry level therapist who has passed a standardized written examination administered by the National Board for Respiratory Care (NBRC).  CRTs provide diagnostic testing, therapeutics, monitoring, rehabilitation, and education to patients with disorders of the cardiopulmonary system.  They provide these respiratory care services in all health care facilities and in the home.  A CRT is a graduate of an associate degree program approved by the Commission on Accreditation of Allied Health Educational Programs (CAAHEP) and where applicable, is licensed by the state and is practicing within the scope of the license.",1,Active,"",2003-11-04 10:21:15.317
701,"48A38A23-60CC-4342-A99B-3F13EC3804FF","376G00000X",Nursing Service Related Providers : Nursing Home Administrator,"Definition: An individual, often licensed by the state, who is responsible for the management of a nursing home.Source: Lexikon: Dictionary of Health Care Terms, Organizations, and Acronyms for the Era of Reform, Joint Commission on Accreditation of Healthcare Organizations, Oakbrook Terrace, IL, 1994, p. 552.",1,Active,"",2003-11-04 10:21:16.283
176,F454F5F2-65B6-47E7-9107-3F1ECD8FD258,"204C00000X","Neuromusculoskeletal Medicine, Sports Medicine","Definition: Definition to come.",1,Active,"",2003-11-04 10:21:14.723
1116,"11879D4A-B20D-448B-ABC8-3F8433410229","2084D0003X",Psychiatry & Neurology: Diagnostic Neuroimaging,,0,"","",2009-09-08 13:42:59.440
278,"134D19A3-1783-4B7D-B3D0-3F8649AFB15D","2080P0006X",Pediatrics : Developmental ?Behavioral Pediatrics,"Definition: Developmental-Behavioral Pediatrics is a subspecialty of Pediatrics.  A pediatrician who treats children having developmental delays, or learning disorders, including those associated with visual and hearing impairment, mental retardation, cerebral palsy, spina bifida, autism, and other chronic neurologic conditions.  This specialist provides medical consultation and education and assumes leadership in the interdisciplinary management of children with neurodevelopmental disorders.  They may also focus on the early identification and diagnosis of neurodevelopmental disabilities in infants and young children as well as on changes that occur as the child with developmental disabilities grows.A subspecialty certificate for DBP was approved by the ABMS in 1999.   ACGME Accredited Residency Program Requirements:  Early discussions regarding proposal.",0,Active,"",2003-11-04 10:21:14.987
451,"6F3CC493-3B29-437A-AC01-3FB29ECC03CD","246XS1301X","Technologists, Technicians & Other Technical Service Providers : Spec/Tech, Cardiovascular : Sonography","Definition to come...",0,Active,"",2003-11-04 10:21:15.487
526,CF503DB4-975A-4F08-A7E9-3FB97698B000,"261QM1100X",Ambulatory Health Care Facilities : Clinic/Center : Military,"Definition to come...",0,Active,"",2003-11-04 10:21:15.723
189,"10920631-1DD6-4F06-9865-3FF901ABA650","207ND0900X",Dermatology : Dermatopathology,"Definition to come...",0,Active,"",2003-11-04 10:21:14.770
1089,"2CC9DC53-506E-4074-9243-404C4F83D24E","103TP0016X",Psychologist: Prescribing (Medical),,0,"","",2009-09-08 13:42:59.440
283,"96B71F86-F906-4B43-BD07-406C1372FF5A","2080P0204X",Pediatrics : Pediatric Emergency Medicine,"Definition to come...",0,Active,"",2003-11-04 10:21:15.003
679,E82512D4-70DB-4374-8010-409499B1AABB,"364SP0812X","Physician Assistants & Advanced Practice Nursing Providers : Clinical Nurse Specialist : Psych/Mental Health, Community","Definition to come...",0,Active,"",2003-11-04 10:21:16.207
355,"13F53DE0-A927-456F-8E3A-4100EBE5A0DF","213ES0103X",Podiatric Medicine & Surgery Service Providers : Podiatrist : Foot & Ankle Surgery,"Definition to come...",0,Active,"",2003-11-04 10:21:15.207
745,BEBA2E7C-6A16-4626-9899-41128D853E16,"3336I0012X",Pharmacy : Institutional Pharmacy,"A pharmacy in a hospital (inpatient) or institution used by pharmacists for the compounding and delivery of medicinal preparations to be administered to the patient by nursing or other authorized personnel. Institutional Pharmacies also counsel patients and caregivers; administer vaccinations; and provide other professional services associated with pharmaceutical care such as health screenings, consultative services with other health care providers, collaborative practice, disease state management, and education classes.",0,Active,"",2008-04-16 11:26:00.000
254,"1D3CA9ED-D121-41D0-BF61-411870DD72DB","207YP0228X",Otolaryngology : Pediatric Otolaryngology,"Definition to come...",0,Active,"",2003-11-04 10:21:14.927
513,"42FB5292-ADAE-4210-B655-418C51196C85","261QE0700X",Ambulatory Health Care Facilities : Clinic/Center : End-Stage Renal Disease (ESRD) Treatment,"Definition to come...",0,Active,"",2003-11-04 10:21:15.677
125,"3E7B7039-35C7-4181-A00D-419BFC4F9AF9","163WP0808X",Nursing Service Providers : Registered Nurse : Psych/Mental Health,"Definition to come...",0,Active,"",2003-11-04 10:21:14.363
243,"6E071FBE-B6FD-4C3D-B0FF-41A4FDEEAAD1","207VX0000X",Obstetrics & Gynecology : Obstetrics,"Definition to come...",0,Active,"",2003-11-04 10:21:14.893
1091,"0E8A7FA6-431C-45E4-BC3C-41FB89664CC9","111NR0400X",Chiropractor: Rehabilitation,,0,"","",2009-09-08 13:42:59.440
38,"51914FD8-A129-4A09-9F92-420D68CC8D39","111NN0400X",Chiropractic Providers : Chiropractor : Neurology,"Definition to come...",0,Active,"",2003-11-04 10:21:14.160
15,FC9D4263-B137-45CF-962C-42324E552766,"103TB0200X",Behavioral Health & Social Service Providers : Psychologist : Behavioral,"Definition to come...",0,Active,"",2003-11-04 10:21:14.113
284,"98E67B9E-53A0-4C4C-84A0-4234AF793995","2080P0205X",Pediatrics : Pediatric Endocrinology,"Definition to come...",0,Active,"",2003-11-04 10:21:15.003
627,"218042FA-A160-4E4E-86AC-42DB60CB7AE8","3416S0300X",Transportation Services : Ambulance : Sea,"Definition to come...",0,Active,"",2003-11-04 10:21:16.033
752,FAA73AB0-5E1B-469E-92F8-43362B461939,"207QH0002X",Family Medicine : Hospice and Palliative Medicine,"Definition: A family medicine physician with special knowledge and skills to prevent and relieve the suffering experienced by patients with life-limiting illnesses. This specialist works with an interdisciplinary hospice or palliative care team to maximize quality of life while addressing physical, psychological, social and spiritual needs of both patient and family throughout the course of the disease, through the dying process, and beyond for the family.  This specialist has expertise in the assessment of patients with advanced disease; the relief of distressing symptoms; the coordination of interdisciplinary patient and family-centered care in diverse venues; the use of specialized care systems including hospice; the management of the imminently dying patient; and legal and ethical decision making in end-of-life care.",0,Active,"",2007-02-07 08:54:00.000
143,"35BC4C9D-8231-4F35-8A5E-4367F46D352F","163WX1500X",Nursing Service Providers : Registered Nurse : Ostomy Care,"Definition to come...",0,Active,"",2003-11-04 10:21:14.630
359,E7241D55-542A-4FEB-A6D9-438704E8A0CC,"224P00000X","Respiratory, Rehabilitative & Restorative Service Providers : Prosthetist","Definition: An individual skilled in the practice, making, use, and application to individual cases of an artificial substitute for a missing body part, such as an arm or leg, eye or tooth, used for functional or cosmetic reasons, or bothSource: Dorlands Illustrated Medical Dictionary. 26th edition. Philadelphia: W.B. Saunders Company, 1981.",1,Active,"",2003-11-04 10:21:15.223
144,"24AB516C-80CB-4FC3-B8CA-43FCC89E554B","164W00000X",Nursing Service Providers : Licensed Practical Nurse,"Definition: An individual with post-high school vocational training and practical experience in the provision of nursing care at a level less than that required for certification as a Registered Nurse. Requirements for education, experience, licensure, and job responsibilities vary among the states.Source: Rhea, Ott, and Shafritz, The Facts On File Dictionary of Health Care Management, New York: Facts On File Publications, 1988.",1,Active,"",2003-11-04 10:21:14.643
753,D1C5A88F-2E3E-4A13-8480-446D99808965,"224ZR0403X",Occupational Therapy Assistant : Driving and Community Mobility,"Occupational therapy assistants contribute to the completion of an individualized occupational therapy driving and community mobility evaluation by administering delegated assessments and identifying findings that impact the client's occupational performance. Clients engage in the assessment and occupational profile process to customize the evaluation to their individual driving and community mobility needs.  Occupational therapy assistants administer and continuously modify individualized in-vehicle and community mobility assessments within the naturalistic context of the community in response to the occupational performance and safety behaviors of the client.  They also implement an individualized intervention plan, within the parameters established in collaboration with the occupational therapist that reflects the contexts of the client and meets his or her occupational performance and safety needs.  Occupational therapy assistants address immediate and long-term implications of psychosocial issues related to compromised driving and community mobility throughout the occupational therapy process and makes recommendations to the occupational therapist for modification to service delivery.",0,Active,"",2008-07-08 09:36:00.000
180,"74908470-7E49-414B-906A-447AF7DBE013","207K00000X",Allergy & Immunology,"Definition: Definition to come.",1,Active,ALL,2003-11-04 10:21:14.737
281,"9D5DE7F6-18A9-4428-BC19-4534405E38C6","2080P0202X",Pediatrics : Pediatric Cardiology,"Definition to come...",0,Active,"",2003-11-04 10:21:15.003
217,CEB00C26-C437-4D86-BB51-4579113A877D,"207RI0001X",Internal Medicine : Clinical & Laboratory Immunology,"Definition: Definition to come.",0,Active,"",2003-11-04 10:21:14.830
713,"4845BD57-C741-470A-851D-4593F574B1A2","208500000X",Radiology : Interventional Radiology and Diagnostic Radiology,"",1,Active,"",2003-12-15 10:35:41.640
77,"5CCCF758-620F-495C-9CFE-461C7D50D310","152WV0400X",Eye and Vision Services Providers : Optometrist : Vision Therapy,"Definition to come...",0,Active,"",2003-11-04 10:21:14.253
343,"0CB774FF-625B-44A9-B68E-46440E493F80","208M00000X",Hospitalist,"Definition: Definition to come.",1,Active,"",2003-11-04 10:21:15.177
140,C6BF657F-1F91-4556-9D27-46585A7E2F4A,"163WX0601X",Nursing Service Providers : Registered Nurse : Otorhinolaryngology & Head-Neck,"Definition to come...",0,Active,"",2003-11-04 10:21:14.630
352,"61D07D61-59FB-44A4-BA79-467726FAE611","213EP1101X",Podiatric Medicine & Surgery Service Providers : Podiatrist : Primary Podiatric Medicine,"Definition to come...",0,Active,"",2003-11-04 10:21:15.190
482,"3552E74F-76E5-430D-ADFE-46D71818C192","2471S1302X","Technologists, Technicians & Other Technical Service Providers : Radiologic Technologist : Sonography","Definition to come...",0,Active,"",2003-11-04 10:21:15.580
691,"0A5F9D89-9B32-41AE-B809-4709E034B9A1","367A00000X","Physician Assistants & Advanced Practice Nursing Providers : Midwife, Certified Nurse","Definition: A provider educated in the independent management of women's health and focusing particularly on pregnancy, childbirth, the post partum period, care of the newborn, family planning and gynecological needs of women and primary care of women. Certification requires education at the post secondary level in nursing and midwifery.Source: The American College of Nurse-Midwives, Position Statements, www.midwife.org/prof/defcnm.htm",1,Active,CNM,2003-11-04 10:21:16.253
120,F3DCF921-94E1-4BE0-AB74-47C01D27124F,"163WN1003X",Nursing Service Providers : Registered Nurse : Nutrition Support,"Definition to come...",0,Active,"",2003-11-04 10:21:14.347
206,"643734EA-D548-4FDE-B038-489C24C54AA2","207RA0000X",Internal Medicine : Adolescent Medicine,"Definition to come...",0,Active,"",2003-11-04 10:21:14.800
532,C69B0F11-CC05-4603-988A-48F60783F6D2,"261QM2800X",Ambulatory Health Care Facilities : Clinic/Center : Methadone Clinic,"Definition: An entity, facility, or distinct part of a facility providing diagnostic, and replacement maintenance treatment services related to individuals with drug addiction.",0,Active,"",2003-11-04 10:21:15.737
162,E6E96ADD-308C-45CF-B4A5-490B993C2076,"175L00000X",Other Service Providers : Homeopath,"Definition: A provider who is educated and trained in a system of therapeutics in which diseases are treated by drugs which are capable of producing in healthy persons symptoms like those of the disease to be treated. Treatment requires administering a drug in minute doses.Source: Dorlands Illustrated Medical Dictionary. 26th edition. Philadelphia: W.B. Saunders Company, 1981.",1,Active,"",2003-11-04 10:21:14.690
279,"3BCD54B2-6351-4147-A581-494FBA80CFD8","2080P0008X",Pediatrics : Neurodevelopmental Disabilities,"Definition: Neurodevelopmental Disabilities is a subspecialty of Pediatrics.  A pediatrician who treats children having developmental delays, or learning disorders, including those associated with visual and hearing impairment, mental retardation, cerebral palsy, spina bifida, autism, and other chronic neurologic conditions.  This specialist provides medical consultation and education and assumes leadership in the interdisciplinary management of children with neurodevelopmental disorders.  They may also focus on the early identification and diagnosis of neurodevelopmental disabilities in infants and young children as well as on changes that occur as the child with developmental disabilities grows.A subspecialty certificate for NDP was approved by the ABMS in 1999.   ACGME Accredited Residency Program Requirements:  Ongoing early discussions regarding proposal.",0,Active,"",2003-11-04 10:21:15.003
747,"2BD38652-9039-4259-BDF9-4976B9C348A4","3336M0002X",Pharmacy : Mail Order Pharmacy,"A pharmacy where pharmacists compound or dispense prescriptions or other medications in accordance with federal and state law, using common carriers to deliver the medications to patient or their caregivers. Mail order pharmacies counsel patients and caregivers (sometimes independent of the dispensing process) through telephone or email contact and provide other professional services associated with pharmaceutical care appropriate to the setting. Mail order pharmacies are licensed as a Mail Order Pharmacy in the state where they are located and may also be licensed or registered as nonresident pharmacies in other states.",0,Active,"",2008-04-16 11:26:00.000
198,"5F18BE10-1EA2-4000-8031-49A5DA61B028","207PT0002X",Emergency Medicine : Medical Toxicology,"Definition to come...",0,Active,"",2003-11-04 10:21:14.783
587,CE3561E3-B63C-453E-8A4E-49FD90A5F903,"305S00000X",Managed Care Organizations : Point of Service,"Definition: This product may also be called an open-ended HMO and offers a transition product incorporating features of both HMOs and PPOs. Beneficiaries are enrolled in an HMO but have the option to go outside the networks for an additional cost.Source: ""Glossary of terms used in managed care"" Developed by the Managed Care Assembly (MCA) of Medical Group Management Association (MGMA), MGM Journal, September/October 1995, p. 62",1,Active,"",2003-11-04 10:21:15.910
413,CD22FF19-A62F-40A7-BECA-4A0AC25AC3F0,"2279G1100X","Respiratory, Rehabilitative & Restorative Service Providers : Respiratory Therapist, Registered : General Care","Definition: This level of care includes diagnostics testing, therapeutics, monitoring, rehabilitation of patients with disorders of the cardiopulmonary system, as well as, education of the patient and family in regard to those disorders.",0,Active,"",2003-11-04 10:21:15.380
115,"8D16C564-2F00-4D54-ACA1-4AADD67D0EAB","163WM1400X",Nursing Service Providers : Registered Nurse : Nurse Massage Therapist (NMT),"Definition to come...",0,Active,"",2003-11-04 10:21:14.330
457,"7857DA88-40C6-4F04-9D5A-4AD07DAB02D9","246ZA2600X","Technologists, Technicians & Other Technical Service Providers : Specialist/Technologist, Other : Art, Medical","Definition to come...",0,Active,"",2003-11-04 10:21:15.503
350,ED9A0C51-3CD4-428B-BF3A-4B7D2FD6E881,"213EG0000X",Podiatric Medicine & Surgery Service Providers : Podiatrist : General Practice,"Definition to come...",0,Active,"",2003-11-04 10:21:15.190
564,A78D199B-8183-4696-9DF6-4C3F0E03B6E4,"276400000X","Hospital Units : Rehabilitation, Substance Use Disorder Unit","Definition: A distinct part of a hospital that provides medically monitored, interdisciplinary addiction-focused treatment to patients/clients who have psychoactive substance use disorders (commonly referred to as alcohol and drug abuse or substance abuse.)Source: Department of Defense Regulation 6010.8-R, Chapter 6.",1,Active,"",2003-11-04 10:21:15.830
683,"5A98FB7A-743F-4EC6-920C-4C797F2E6415","364SR0400X",Physician Assistants & Advanced Practice Nursing Providers : Clinical Nurse Specialist : Rehabilitation,"Definition to come...",0,Active,"",2003-11-04 10:21:16.223
396,EDD5FB51-272A-47B4-A988-4C90D2C46C4A,"2278E0002X","Respiratory, Rehabilitative & Restorative Service Providers : Respiratory Therapist, Certified : Emergency Care","Definition: The immediate availability of diagnostic and therapeutic cardiopulmonary services in the assessment and management of trauma victims, patients requiring airway management and others requiring emergency care.",0,Active,"",2003-11-04 10:21:15.330
367,C7C06F6C-39A7-4D56-BDAF-4D18DFE0A846,"2251H1200X","Respiratory, Rehabilitative & Restorative Service Providers : Physical Therapist : Hand","Definition to come...",0,Active,"",2003-11-04 10:21:15.237
275,"6A72D9DB-D27F-4FB0-973F-4D1BDAF451A5","2080A0000X",Pediatrics : Adolescent Medicine,"Definition to come...",0,Active,"",2003-11-04 10:21:14.987
179,CB5DBBCB-0D20-4DAC-B7F0-4D9FFAB6BCCC,"204F00000X",Transplant Surgery,"Definition: Definition to come.",1,Active,"",2003-11-04 10:21:14.737
369,"64B9F9B5-FA98-4195-A3E0-4DC4A9B68B8C","2251N0400X","Respiratory, Rehabilitative & Restorative Service Providers : Physical Therapist : Neurology","Definition to come...",0,Active,"",2003-11-04 10:21:15.253
220,B994F581-C5B3-4132-B4C1-4DCC7D94BDBC,"207RI0200X",Internal Medicine : Infectious Disease,"Definition to come...",0,Active,"",2003-11-04 10:21:14.847
346,E8F1EC7B-13C2-4C33-A662-4DD40DBEEB3A,"208VP0014X",Pain Medicine : Interventional Pain Medicine,"Definition: Interventional Pain Medicine is the discipline of medicine devoted to the diagnosis and treatment of pain and related disorders principally with the application of interventional techniques in managing subacute, chronic, persistent, and intractable pain, independently or in conjunction with other modalities of treatment.",0,Active,"",2003-11-04 10:21:15.177
686,"58FBCB65-D697-4D0E-8D11-4DEB4358EE5F","364SW0102X",Physician Assistants & Advanced Practice Nursing Providers : Clinical Nurse Specialist : Women's Health,"Definition to come...",0,Active,"",2003-11-04 10:21:16.237
448,E9205250-22F8-459D-B9D1-4E1E953B7ADF,"246X00000X","Technologists, Technicians & Other Technical Service Providers : Spec/Tech, Cardiovascular","Definition: An allied health professional who performs diagnostic examinations at the request or direction of a physician in one or more of the following three areas: invasive cardiology, noninvasive cardiology, and noninvasive peripheral vascular study. Cardiovascular technologists are one type of allied health professional for which the Committee on Allied Health Education and Accreditation has accredited education programsSource: (1) Lexikon: Dictionary of Health Care Terms, Organizations and Acronyms for the Era of Reform, The Joint Commission on Accreditation of Healthcare Organizations, Oakbrook Terrace, Illinois: 1994, p. 159.",1,Active,"",2003-11-04 10:21:15.473
1086,"77A56834-4A3D-474D-9ED6-4E7670D7C1D5","102L00000X",Psychoanalyst,,0,"","",2009-09-08 13:42:59.440
65,"617E8431-60CA-4241-9B66-4E9316813C06","133VN1005X","Dietary & Nutritional Service Providers : Dietitian, Registered : Nutrition, Renal","Definition to come...",0,Active,"",2003-11-04 10:21:14.223
164,"96806FA3-89F8-403B-8848-4EA7479E030E","176B00000X","Other Service Providers : Midwife, Certified","Definition: A provider educated in the independent management of womens health and focusing particularly on pregnancy, childbirth, the post-partum period, care of the newborn, family planning and gynecological needs of women and primary care of women. Certification requires education at the post-secondary level in midwifery and health services.Source: The American College of Nurse-Midwives, Position Statements, www.midwife.org/prof/defcnm.htm",1,Active,"",2003-11-04 10:21:14.690
1128,D739D55F-8788-4901-850F-4EBEB76A444D,"332100000X",Department of Veterans Affairs (VA) Pharmacy,,0,"","",2009-09-08 13:42:59.440
407,"6ABC67BE-0013-4D66-9EA7-4F850C5201AC","2278S1500X","Respiratory, Rehabilitative & Restorative Service Providers : Respiratory Therapist, Certified : SNF/Subacute Care","Definition: Care of residents in a long-term care environment.  Respiratory modalities delivered include those similar in the general care and critical care areas but provided to less critical patients.",0,Active,"",2003-11-04 10:21:15.363
736,"74DB0040-3354-4BF5-B659-4FC98695A82F","261QM1103X",Clinic/Center : Military Ambulatory Procedure Visits Operational (Transportable),"?on-fixed?facilities or distinct parts of a ?on-fixed?facility, providing outpatient surgical procedures requiring medically supervised recovery. Does not include items issued directly to a patient from an outpatient pharmacy or patient transport. Includes initial ?ake home?pharmaceuticals.",0,Active,"",2008-04-16 11:26:00.000
552,"05377237-D6CA-4E91-B634-507172EE7761","261QS0112X",Ambulatory Health Care Facilities : Clinic/Center : Oral and Maxillofacial Surgery,"Definition: The specialty of dentistry which includes the diagnosis, surgical and adjunctive treatment of diseases, injuries and defects involving both the functional and esthetic aspects of the hard and soft tissues of the oral and maxillofacial region.Source: Council on Dental Education and Licensure, American Dental Association",0,Active,"",2003-11-04 10:21:15.800
47,"32FC84DB-EDFC-4045-A9A7-50C502F3611F","1223E0200X",Dental Providers : Dentist : Endodontics,"Definition: The branch of dentistry that is concerned with the morphology, physiology and pathology of the human dental pulp and periradicular tissues.  Its study and practice encompass the basic and clinical sciences including biology of the normal pulp, the etiology, diagnosis, prevention and treatment of diseases and injuries of the pulp and associated periradicular conditions.Source: Council on Dental Education and Licensure, American Dental Association",0,Active,"",2003-11-04 10:21:14.177
470,F8AD5813-59F2-4E57-A137-51954CFD811F,"2470A2800X","Technologists, Technicians & Other Technical Service Providers : Technician, Health Information : Assistant Record Technician","Definition to come...",0,Active,"",2003-11-04 10:21:15.550
244,"69E37AFC-8040-439F-8D58-51BBB3D6BADD","207VX0201X",Obstetrics & Gynecology : Gynecologic Oncology,"Definition to come...",0,Active,"",2003-11-04 10:21:14.893
593,"6AD08F02-17DE-481B-BCD7-51C028B02918","311Z00000X",Nursing & Custodial Care Facilities : Custodial Care Facility,"Definition: A facility providing care that serves to assist an individual in the activities of daily living, such as assistance in walking, getting in and out of bed, bathing, dressing, feeding, and using the toilet, preparation of special diets, and supervision of medication that usually can be self-administered. Custodial care essentially is personal care that does not require the continuing attention of trained medical or paramedical personnel.Source: Paraphrased from Section 3159 A3 of the Medicare Intermediary Manual.",1,Active,"",2003-11-04 10:21:15.927
672,A1B40621-A86C-4F3D-A497-529F60436916,"364SN0800X",Physician Assistants & Advanced Practice Nursing Providers : Clinical Nurse Specialist : Neuroscience,"Definition to come...",0,Active,"",2003-11-04 10:21:16.177
446,"3C897135-8BB3-455B-8FD3-52E2B04CDE8D","246RP1900X","Technologists, Technicians & Other Technical Service Providers : Technician, Pathology : Phlebotomy","Definition to come...",0,Active,"",2003-11-04 10:21:15.473
1131,"400059D6-C172-43AE-A489-530AE0CE4DD0","333300000X",Emergency Response System Companies,,0,"","",2009-09-08 13:42:59.440
80,A0787BFE-826A-4969-B125-5317989FECC9,"156FC0800X",Eye and Vision Services Providers : Technician/Technologist : Contact Lens,"Definition to come...",0,Active,"",2003-11-04 10:21:14.253
585,"32F5411F-14FA-43CE-94A9-53FB2FAFE76E","302R00000X",Managed Care Organizations : Health Maintenance Organization,"Definition: (1) A form of health insurance in which its members prepay a premium for the HMOs health services which generally include inpatient and ambulatory care. For the patient, an HMO means reduced out-of-pocket costs (i.e. no deductible), no paperwork (i.e. insurance forms), and only a small copayment for each office visit to cover the paperwork handled by the HMO; (2) A organization of health care personnel and facilities that provides a comprehensive range of health services to an enrolled population for a fixed sum of money paid in advance for a specified period of time. These health services include a wide variety of medical treatments and consults, inpatient and outpatient hospitalization, home health service, ambulance service, and sometimes dental and pharmacy services. The HMO may be organized as a group model, an individual practice association (IPA), a network model or a staff model.Source: (1) Medical Interface: Managed Care A thru Z- Managed Care Terms published by Medicom International, Bronxville, New York Telephone (914) 337-5023, p. 20; (2) ""Glossary of terms used in managed care"" Developed by the Managed Care Assembly (MCA) of Medical Group Management Association (MGMA), MGM Journal, September/October 1995, p. 58",1,Active,"",2003-11-04 10:21:15.893
440,E47C2F0B-3CB3-4F0D-987F-548A1683B16D,"246QL0901X","Technologists, Technicians & Other Technical Service Providers : Spec/Tech, Pathology : Laboratory Management, Diplomate","Definition to come...",0,Active,"",2003-11-04 10:21:15.457
348,"7A5A59D2-5CAD-4B1F-8A30-54B486B5783A","211D00000X","Podiatric Medicine & Surgery Service Providers : Assistant, Podiatric","Definition: An individual who assists a podiatrist in tasks, such as exposing and developing x-rays; taking and recording patient histories; assisting in biomechanical evaluations and negative castings; preparing and sterilizing instruments and equipment; providing the patient with postoperative instructions; applying surgical dressings; preparing the patient for treatment, padding, and strapping; and performing routine office procedures.Source: (1) Lexikon: Dictionary of Health Care Terms, Organizations and Acronyms for the Era of Reform, The Joint Commission on Accreditation of Healthcare Organizations, Oakbrook Terrace, Illinois: 1994, p. 622.",1,Active,"",2003-11-04 10:21:15.190
537,E2814D8C-76E1-4FEE-9538-5560B2CCDB67,"261QP2000X",Ambulatory Health Care Facilities : Clinic/Center : Physical Therapy,"Definition to come...",0,Active,"",2003-11-04 10:21:15.753
553,F3377D78-A0DC-4A90-B715-558C53E2C632,"261QS0132X",Ambulatory Health Care Facilities : Clinic/Center : Ophthalmologic Surgery,"Definition to come...",0,Active,"",2003-11-04 10:21:15.800
187,"7E624EFA-678D-4B6E-BF6B-55A2B76A135F","207N00000X",Dermatology,"Definition to come...",1,Active,DRM,2003-11-04 10:21:14.753
707,"6692E5A9-F6A6-48C9-8DD0-55FA0A167D68","385HR2060X","Respite Care Facility : Respite Care : Respite Care, Mental Retardation and/or Developmental Disabilities, Child","Definition: A facility or distinct part of a facility that provides short term, residential care to children, diagnosed with mental retardation and/or developmental disabilities as respite for the regular caregivers.",0,Active,"",2003-11-04 10:21:16.300
116,DC6013F6-6E5C-494A-B0A7-561C3FAE5AD6,"163WN0002X",Nursing Service Providers : Registered Nurse : Neonatal Intensive Care,"Definition to come...",0,Active,"",2003-11-04 10:21:14.347
527,BD62E480-22C4-47E4-97C0-57544564A732,"261QM1101X",Ambulatory Health Care Facilities : Clinic/Center : Military Expanded Services,"Definition to come...",0,Active,"",2003-11-04 10:21:15.723
657,E10988F6-4D61-4A6A-A9B1-5789939D9E0E,"364SA2100X",Physician Assistants & Advanced Practice Nursing Providers : Clinical Nurse Specialist : Acute Care,"Definition to come...",0,Active,"",2003-11-04 10:21:16.130
746,"9126372E-6651-4ACF-9265-5856F9AD5861","3336L0003X",Pharmacy : Long Term Care Pharmacy,"A pharmacy that dispenses medicinal preparations delivered to patients residing within an intermediate or skilled nursing facility, including intermediate care facilities for mentally retarded, hospice, assisted living facilities, group homes, and other forms of congregate living arrangements.",0,Active,"",2008-04-16 11:26:00.000
656,"1B9F1A73-6D79-44BF-BB9A-58615BBF346F","364S00000X",Physician Assistants & Advanced Practice Nursing Providers : Clinical Nurse Specialist,"Definition: A registered nurse who, through a graduate degree program in nursing, or through a formal post-basic education program or continuing education courses and clinical experience, is expert in a specialty area of nursing practice within one or more of the components of direct patient/client care, consultation, education, research and administration.Sources: American Nurses Association, American Nurses Credentialing Center, 1996 Certification Catalogue and The Interagency Conference on Nursing Statistics.",1,Active,PRN,2003-11-04 10:21:16.130
33,D4BEA7AF-CDD7-4F57-AA88-588E683714B2,"1041C0700X",Behavioral Health & Social Service Providers : Social Worker : Clinical,"Definition to come...",0,Active,"",2003-11-04 10:21:14.143
308,"1832B6EB-6924-4904-849E-5946C3CDC630","2084A0401X",Psychiatry & Neurology : Addiction Medicine,"Definition: Definition to come.",0,Active,"",2003-11-04 10:21:15.067
100,"09876806-3A26-428D-88E9-59A106924F83","163WD1100X","Nursing Service Providers : Registered Nurse : Dialysis, Peritoneal","Definition to come...",0,Active,"",2003-11-04 10:21:14.300
426,"3BE8AA03-1DB9-4DD2-9770-5A36A4EA6756","2355A2700X","Speech, Language and Hearing Service Providers : Specialist/Technologist : Audiology Assistant","Definition to come...",0,Active,"",2003-11-04 10:21:15.410
714,"7D6C011E-8593-4606-8942-5A37549BA432","207S00000X",Medical Genetics,Definition to come...,1,Active,"",2005-11-15 00:00:00.000
652,"9506CC93-CF9C-4619-AF08-5A4E23D7C213","363LS0200X",Physician Assistants & Advanced Practice Nursing Providers : Nurse Practitioner : School,"Definition to come...",0,Active,"",2003-11-04 10:21:16.113
403,C7C6B125-56ED-4209-840D-5A6DDEA465AD,"2278P1006X","Respiratory, Rehabilitative & Restorative Service Providers : Respiratory Therapist, Certified : Pulmonary Function Technologist","Definition: An individual who is trained and qualified to perform pulmonary diagnostic tests.  In the course of conducting these tests, the Pulmonary Function Technologist is able to setup, calibrate, maintain, and ensure the quality assurance of the pulmonary function testing equipment.  In the laboratory, clinical or patient care setting the technologist instructs patients, elicits cooperation, performs procedures, monitors patient response, and evaluates patient performance.  Tests results are calculated, compared with predicted normal ranges, and evaluated for reliability.  The technologist collects clinical history data and evaluates the clinical implications of the test results.",0,Active,"",2003-11-04 10:21:15.347
108,A22B4AF7-1176-4C7D-A558-5A8730891869,"163WH0500X",Nursing Service Providers : Registered Nurse : Hemodialysis,"Definition to come...",0,Active,"",2003-11-04 10:21:14.317
392,"4195273D-137A-478B-B5A6-5AB91ACD0BD8","225XR0403X","Respiratory, Rehabilitative & Restorative Service Providers : Occupational Therapist : Rehabilitation, Driver","Definition to come...",0,Active,"",2003-11-04 10:21:15.317
94,"51AA9EA3-88BE-4356-9C31-5AB9732EAABF","163WC1400X",Nursing Service Providers : Registered Nurse : College Health,"Definition to come...",0,Active,"",2003-11-04 10:21:14.283
620,"535C0778-29FE-431A-AB61-5B0DA2436971","333600000X",Suppliers : Pharmacy,"Definition: A facility used by pharmacists for the compounding and dispensing of medicinal preparations (drug store). A pharmacy is a facility whose primary function is to store, prepare and legally dispense prescription drugs through a licensed pharmacist. It meets any licensing or certification standards set forth by the jurisdiction where it is located.",1,Active,"",2003-11-04 10:21:16.020
1120,"0FED23EB-5206-46CC-8F25-5BD642807A76","2085H0002X",Radiology: Hospice and Palliative Medicine,,0,"","",2009-09-08 13:42:59.440
417,"1ACB115D-2054-4893-86AD-5CDF37B590B8","2279P1006X","Respiratory, Rehabilitative & Restorative Service Providers : Respiratory Therapist, Registered : Pulmonary Function Technologist","Definition: An individual who is trained and qualified to perform pulmonary diagnostic tests.  In the course of conducting these tests, the Pulmonary Function Technologist is able to setup, calibrate, maintain, and ensure the quality assurance of the pulmonary function testing equipment.  In the laboratory, clinical or patient care setting the technologist instructs patients, elicits cooperation, performs procedures, monitors patient response, and evaluates patient performance.  Tests results are calculated, compared with predicted normal ranges, and evaluated for reliability.  The technologist collects clinical history data and evaluates the clinical implications of the test results.",0,Active,"",2003-11-04 10:21:15.393
137,"10FE701B-CBFD-4DD4-893E-5D2E025C6396","163WX0003X","Nursing Service Providers : Registered Nurse : Obstetric, Inpatient","Definition to come...",0,Active,"",2003-11-04 10:21:14.613
717,"03E0EA3A-8BBA-4E70-9A80-5D6B17F94555","1835G0303X",Pharmacist : Geriatric,"A pharmacist who is certified in geriatric pharmacy practice is designated as a ?ertified Geriatric Pharmacist?(CGP).  To become certified, candidates are expected to be knowledgeable about principles of geriatric pharmacotherapy and the provision of pharmaceutical care to the elderly.",0,Active,"",2008-04-16 11:26:00.000
1094,BF13C475-56E2-46AB-83F2-5D8113FD3E60,"171000000X",Military Health Care Provider,,0,"","",2009-09-08 13:42:59.440
751,BE77BEDB-1FB9-4D7F-A471-5E0048587012,"207RS0012X",Internal Medicine : Sleep Medicine,"Definition: An Internist who practices Sleep Medicine is certified in the subspecialty of sleep medicine and specializes in the clinical assessment, physiologic testing, diagnosis, management and prevention of sleep and circadian rhythm disorders. Sleep specialists treat patients of any age and use multidisciplinary approaches. Disorders managed by sleep specialists include, but are not limited to, sleep related breathing disorders, insomnia, hypersomnias, circadian rhythm sleep disorders, parasomnias and sleep related movement disorders.",0,Active,"",2007-02-07 08:54:00.000
242,"93AFA678-5189-467F-A078-5E019DBF0AAE","207VM0101X",Obstetrics & Gynecology : Maternal & Fetal Medicine,"Definition to come...",0,Active,"",2003-11-04 10:21:14.893
703,"2B514108-315D-4A21-AF78-5ECA6AEFF188","376K00000X",Nursing Service Related Providers : Nurse's Aide,"Definition: (1) An unlicensed individual who is trained to function in an assistive role to the licensed nurse in the provision of patient/client activities as delegated by the nurse; (2) An individual trained (either on-the-job or through a formal course generally of less than one year) and experienced in performing patient or client-care nursing tasks that do not require the skills of a specialist, technician, or professional. Examples of tasks performed by nurses aides include changing clothes, diapers, and beds; assisting patients to perform exercises or personal hygiene tasks, and supporting communication or social interaction. Specific education and credentials are not required for this work.Source: (1) American Nurses Association, Registered Professional Nurses and Unlicensed Personnel, 2nd ed., 1996; (2) Rhea, Ott, and Shafritz, The Facts On File Dictionary of Health Care Management, New York: Facts On File Publications, 1988.",1,Active,"",2003-11-04 10:21:16.300
246,"8B8A5FD5-2A4E-4B06-A3BE-5ED79F729A00","207X00000X",Orthopaedic Surgery,"Definition to come...",1,Active,ORS,2003-11-04 10:21:14.910
300,"70F440C8-8F77-4311-B55B-5F143A559DCD","2082S0105X",Plastic Surgery : Surgery of the Hand,"Definition: Definition to come.",0,Active,"",2003-11-04 10:21:15.050
357,C8381977-7176-4E54-9E27-5FDA445DCE1D,"221700000X","Respiratory, Rehabilitative & Restorative Service Providers : Art Therapist","Definition: (1) An individual who uses art to achieve the therapeutic goals of symptom relief, emotional integration, and recovery from or adjustment to illness or disability. (2) An art therapist uses a form of treatment that enables patients with mental or physical disabilities to use art as a way of expressing and dealing with feelings and inner conflicts. (3) An individual who uses arts modalities and creative processes during intentional intervention in therapeutic, rehabilitative, community, or educational settings to foster health, communication, and expression; promote the integration of physical, emotional, cognitive, and social functioning; enhance self-awareness; and facilitate change.Source: (1) Lexikon: Dictionary of Health Care Terms, Organizations and Acronyms for the Era of Reform, The Joint Commission on Accreditation of Healthcare Organizations, Oakbrook Terrace, Illinois: 1994, p. 107. (2) Art Therapy Program, Marymount College, Tarrytown, NY (3) National Coalition of Arts",1,Active,"",2003-11-04 10:21:15.207
91,"7C4CAD69-048F-42B4-AFAB-6045EF05802E","163WA2000X",Nursing Service Providers : Registered Nurse : Administrator,"Definition to come...",0,Active,"",2003-11-04 10:21:14.283
579,"32BC1AFD-4D88-4D81-BB13-605056268197","2865X1600X",Hospitals : Military Hospital : Operational Component Facility,"Definition to come...",0,Active,"",2003-11-04 10:21:15.880
758,DE8D8BFC-2139-44B5-A623-60FEF8578520,"225XG0600X",Occupational Therapist : Gerontology,"Occupational therapists work with older adults in virtually every setting: assisted living, wellness programs, hospitals, nursing homes, senior centers, clinics and in the home. Occupational therapists bring an understanding of the importance of participation and occupation for overall well-being to those who are experiencing disabling conditions related to aging. The primary overarching goal of occupational therapy services with this population is to maximize independence and participation, thereby enabling an older person to continue to live successfully in his or her chosen environment. Occupational therapists can help older adults by developing strategies to help or maintain safety and well-being, to assist with life transitions, and to compensate for challenges they experience in activities of daily living, instrumental activities of daily living, leisure participation, social participation, and productive activities.",0,Active,"",2008-07-08 09:36:00.000
297,"0B7753D9-ECDE-48DB-864E-6165264969C6","2081S0010X",Physical Medicine & Rehabilitation : Sports Medicine,"Definition to come...",0,Active,"",2003-11-04 10:21:15.033
117,"94C8C7C8-30A7-4D2F-8954-619E2988D89C","163WN0003X","Nursing Service Providers : Registered Nurse : Neonatal, Low-Risk","Definition to come...",0,Active,"",2003-11-04 10:21:14.347
31,"5F53FC8D-41C6-4AEE-8CBE-61DC3BE0DC65","103TW0100X",Behavioral Health & Social Service Providers : Psychologist : Women,"Definition to come...",0,Active,"",2003-11-04 10:21:14.143
306,"3D27BB3E-8610-494E-831C-63553D2FDC9F","2083T0002X",Preventive Medicine : Medical Toxicology,"Definition to come...",0,Active,"",2003-11-04 10:21:15.067
22,"2AB3603E-BA20-43FE-AB2A-642BA163C06F","103TF0200X",Behavioral Health & Social Service Providers : Psychologist : Forensic,"Definition to come...",0,Active,"",2003-11-04 10:21:14.130
499,D822A431-2A71-439D-85AE-64D52713B228,"261Q00000X",Ambulatory Health Care Facilities : Clinic/Center,"Definition: A facility or distinct part of one used for the diagnosis and treatment of outpatients. ""Clinic/Center"" is irregularly defined, sometimes being limited to organizations serving specialized treatment requirements or distinct patient/client groups (e.g., radiology, poor, and public health).",1,Active,"",2003-11-04 10:21:15.630
107,F044FA3E-0324-4099-8D87-64F60D87FD12,"163WH0200X",Nursing Service Providers : Registered Nurse : Home Health,"Definition to come...",0,Active,"",2003-11-04 10:21:14.317
1135,"61ABA5FF-20AF-4B4C-9DF5-659F15D101EC","3418M1130X","Military/U.S. Coast Guard Transport: Military or U.S. Coast Guard Ambulance, Water Transport",,0,"","",2009-09-08 13:42:59.440
274,"30F6743A-534E-45DC-A863-65E3502E98AA","208000000X",Pediatrics,"Definition to come...",1,Active,PED,2003-11-04 10:21:14.987
673,"5D793894-B7C9-4B1E-BA12-65FD800FCEBC","364SP0200X",Physician Assistants & Advanced Practice Nursing Providers : Clinical Nurse Specialist : Pediatrics,"Definition to come...",0,Active,"",2003-11-04 10:21:16.177
185,"6C102342-14A7-40EA-B7D4-6614001188C1","207LC0200X",Anesthesiology : Critical Care Medicine,"Definition to come...",0,Active,"",2003-11-04 10:21:14.753
341,"5D3F2CC7-AE01-4AD5-B155-6625D72DE19F","208D00000X",General Practice,"Definition to come...",1,Active,"",2003-11-04 10:21:15.160
761,"4BF6E1CF-7894-4A8D-BB30-662C0354646F","225XM0800X",Occupational Therapist : Mental Health,"Occupational therapists provide treatment for people recovering from a mental or physical illness to regain their independence and stability and to engage in normal daily occupations (work, home, family life, school, leisure).  Occupational therapists provide particular emphasis on interventions that result in improved quality of life and decrease hospitalization.",0,Active,"",2008-07-08 09:36:00.000
28,"0D063F9E-4A42-42F9-8692-66B16DF52276","103TP2701X","Behavioral Health & Social Service Providers : Psychologist : Psychotherapy, Group","Definition to come...",0,Active,"",2003-11-04 10:21:14.143
335,"7EE36CCD-9270-4F08-BD91-6714736A4612","2086S0122X",Surgery : Plastic and Reconstructive Surgery,"Definition to come...",0,Active,"",2003-11-04 10:21:15.143
169,"3D044D0E-585E-4253-A153-677260F8AA21","1835N0905X",Pharmacy Service Providers : Pharmacist : Nuclear Pharmacy,"Definition to come...",0,Active,"",2003-11-04 10:21:14.707
233,C67E2334-4C60-4979-997E-67B3B70DAAA9,"207T00000X",Neurological Surgery,"Definition to come...",1,Active,NEU,2003-11-04 10:21:14.880
253,"1654FD98-CB1C-4073-BE6B-67BFC61FD8B9","207Y00000X",Otolaryngology,"Definition to come...",1,Active,OTO,2003-11-04 10:21:14.927
351,EF5E92FA-2A32-4D2B-B5B3-68A824028ABF,"213EP0504X",Podiatric Medicine & Surgery Service Providers : Podiatrist : Public Medicine,"Definition to come...",0,Active,"",2003-11-04 10:21:15.190
265,"35FFC7FD-23BA-4E7C-B31D-68B3354DACD9","207ZI0100X",Pathology : Immunopathology,"Definition to come...",0,Active,"",2003-11-04 10:21:14.957
760,"970FC063-D0E3-4EE4-8736-68E7999BB5E7","225XL0004X",Occupational Therapist : Low Vision,"Occupational therapists enable children and adults with visual impairment to engage in their chosen daily living activities safely and as independently as possible.  This is accomplished by 1) teaching the person to use their remaining vision as efficiently as possible to complete activities; (2) modifying activities so that they can be completed with less vision; (3) training the person in use of adaptive equipment to compensate for vision loss, including high and low technology assistive devices; and (4) modifying the person¡¯s environment.",0,Active,"",2008-07-08 09:36:00.000
768,C1134020-F745-4D5F-A05A-6A271CA69AC1,"242T00000X",Perfusionist,"A perfusionist operates extracorporeal circulation and autotransfusion equipment during any medical situation where it is necessary to support or temporarily replace the patient's circulatory or respiratory function. The perfusionist is knowledgeable concerning the variety of equipment available to perform extracorporeal circulation functions and is responsible, in consultation with the physician, for selecting the appropriate equipment and techniques to be used.",1,Active,"",2008-08-27 11:35:12.357
654,"91A77A2F-E575-471E-A8DE-6A5D00C2BDFA","363LX0001X",Physician Assistants & Advanced Practice Nursing Providers : Nurse Practitioner : Obstetrics & Gynecology,"Definition to come...",0,Active,"",2003-11-04 10:21:16.113
720,F47DC79E-64A6-486C-A11F-6A85FDEF3E22,"207QB0002X",Family Medicine : Bariatric Medicine,"Bariatric medicine is the medical treatment of obesity and its associated conditions.  Bariatric medicine addresses the obese individual with a comprehensive program of diet, exercise and behavior modification, and when indicated, the prescription of appropriate medications as determined by the Bariatric physician.  Bariatric physicians are licensed physicians who offer specialized programs in the medical treatment of obesity and its associated conditions. ",0,Active,"",2008-04-16 11:26:00.000
1125,"75A95CD7-1649-4822-B9B3-6B53C58B36DB","229N00000X",Anaplastologist,,0,"","",2009-09-08 13:42:59.440
410,"0798F179-DF23-43E9-A3FA-6BC039481FF5","2279E0002X","Respiratory, Rehabilitative & Restorative Service Providers : Respiratory Therapist, Registered : Emergency Care","Definition: The immediate availability of diagnostic and therapeutic cardiopulmonary services in the assessment and management of trauma victims, patients requiring airway management and others requiring emergency care.",0,Active,"",2003-11-04 10:21:15.363
663,"2CDA6D76-152F-4FD5-B17F-6BE71C190781","364SE1400X",Physician Assistants & Advanced Practice Nursing Providers : Clinical Nurse Specialist : Ethics,"Definition to come...",0,Active,"",2003-11-04 10:21:16.143
595,"260CD058-344F-458E-8844-6C2B7AF8C747","313M00000X",Nursing & Custodial Care Facilities : Nursing Facility/Intermediate Care Facility,"Definition: An institution (or a distinct part of an institution) which- (1) is primarily engaged in providing to residents- (A) skilled nursing care and related services for residents who require medical or nursing care, (B) rehabilitation services for the rehabilitation of injured, disabled, or sick persons, or, on a regular basis, health-related care and services to individuals who because of their mental or physical condition require care and services (above the level of room and board) which can be made available to them only through institutional facilities, and is not primarily for the care and treatment of mental diseases; (2) has in effect a transfer agreement with one or more hospitals.Source: Paraphrased from Section 1919 (a) of the Social Security Act.",1,Active,"",2003-11-04 10:21:15.927
293,"55CD6B8C-C02F-41B5-B4CB-6C3BADA9F9C4","208100000X",Physical Medicine & Rehabilitation,"Definition to come...",1,Active,PMR,2003-11-04 10:21:15.033
737,B6BFEDB8-9135-4A26-B0EE-6CBE3A61F1DF,"273100000X",Epilepsy Unit,"An Epilepsy Unit is a distinct unit of a hospital that provides services that may include observation, urgent care, diagnostic testing, treatment, and medication management for patients with seizure disorders.",1,Active,"",2008-04-16 11:26:00.000
234,"98611D05-2196-4748-9835-6D3F8358286C","207U00000X",Nuclear Medicine,"Definition to come...",1,Active,NUC,2003-11-04 10:21:14.880
122,AE677906-48A4-411B-917E-6D4B52355ED2,"163WP0200X",Nursing Service Providers : Registered Nurse : Pediatrics,"Definition to come...",0,Active,"",2003-11-04 10:21:14.347
484,"6C4D6CF7-B305-4F17-A403-6DB7D3F7C178","2471V0106X","Technologists, Technicians & Other Technical Service Providers : Radiologic Technologist : Vascular-Interventional Technology","Definition: Definition to come.",0,Active,"",2003-11-04 10:21:15.580
547,"53C35D64-4B0D-4098-B2F5-6DCC0E6C7B72","261QR0404X","Ambulatory Health Care Facilities : Clinic/Center : Rehabilitation, Cardiac Facilities","Definition to come...",0,Active,"",2003-11-04 10:21:15.783
496,"24E1F01C-D64C-429E-A1E5-6DE047CF9D3D","251J00000X",Agencies : Nursing Care,"Definition to come...",1,Active,"",2003-11-04 10:21:15.613
66,"38714887-37D1-4679-842C-6DF356A7BB25","133VN1006X","Dietary & Nutritional Service Providers : Dietitian, Registered : Nutrition, Metabolic","Definition to come...",0,Active,"",2003-11-04 10:21:14.223
136,"4BDE7212-14B4-44BE-9B40-6E012255E659","163WX0002X","Nursing Service Providers : Registered Nurse : Obstetric, High-Risk","Definition to come...",0,Active,"",2003-11-04 10:21:14.613
383,"3903CDB2-139C-41A1-A0D6-6E3394ED36F8","225C00000X","Respiratory, Rehabilitative & Restorative Service Providers : Rehabilitation Counselor","Definition: An individual trained and educated in a systematic process of assisting persons with physical, mental, developmental, cognitive, and emotional disabilities to achieve their personal, career, and independent living goals assessment and appraisal, diagnosis and treatment planning, career (vocational) counseling, individual and group counseling interventions for adjustments to the medical and psychosocial impact of disability, case management, program evaluation and research, job analysis and placement counseling, and consultation on rehabilitation resources and technology. Certification generally requires a Masters degree with specialized courses in rehabilitation processes and technology.Sources: Commission on Rehabilitation Counselor Certification and Rhea, Ott, and Shafritz, The Facts On File Dictionary of Health Care Management, New York: Facts On File Publications, 1988.",1,Active,"",2003-11-04 10:21:15.283
684,"745582FD-F014-4176-A0D7-6E3C5CECB39D","364SS0200X",Physician Assistants & Advanced Practice Nursing Providers : Clinical Nurse Specialist : School,"Definition to come...",0,Active,"",2003-11-04 10:21:16.223
697,ED39FC21-2A0B-4DCB-AC32-6E960B177F48,"3747A0650X",Nursing Service Related Providers : Technician : Attendant Care Provider,"Definition: An individual who provides hands-on care, of both a supportive and health related nature, specific to the needs of a medically stable, physically handicapped individual.  Supportive services are those that substitute for the absence, loss, diminution, or impairment of a physical or cognitive function.  This service may include skilled or nursing care to the extent permitted by state law.",0,Active,"",2003-11-04 10:21:16.270
226,"40459DB4-FA1D-4F60-A463-6EB05DA56E96","207RX0202X",Internal Medicine : Medical Oncology,"Definition to come...",0,Active,"",2003-11-04 10:21:14.863
202,A16DA005-62DF-488D-AF92-6ECD0B115D66,"207QA0505X",Family Medicine : Adult Medicine,Definition to come.,0,Active,"",2003-11-04 10:21:14.800
333,"68628E90-FD8C-47FD-B887-6F3B961A3446","2086S0105X",Surgery : Surgery of the Hand,"Definition to come...",0,Active,"",2003-11-04 10:21:15.143
382,FA16BC10-A9C4-494A-9100-6F82FDE1D5D5,"225B00000X","Respiratory, Rehabilitative & Restorative Service Providers : Pulmonary Function Technologist","Definition: An individual who is trained and qualified to perform pulmonary diagnostic tests.  In the course of conducting these tests, the Pulmonary Function Technologist is able to setup, calibrate, maintain, and ensure the quality assurance of the pulmonary function testing equipment.  In the laboratory, clinical or patient care setting the technologist instructs patients, elicits cooperation, performs procedures, monitors patient response, and evaluates patient performance.  Tests results are calculated, compared with predicted normal ranges, and evaluated for reliability.  The technologist collects clinical history data and evaluates the clinical implications of the test results.",1,Active,"",2003-11-04 10:21:15.283
327,C565F135-4B6E-4750-8372-6FCE31637E52,"2085R0203X",Radiology : Therapeutic Radiology,"Definition to come...",0,Active,"",2003-11-04 10:21:15.130
658,C197127B-D689-47AB-B687-6FD053455749,"364SA2200X",Physician Assistants & Advanced Practice Nursing Providers : Clinical Nurse Specialist : Adult Health,"Definition to come...",0,Active,"",2003-11-04 10:21:16.130
538,D250DB28-3AB9-4471-9497-7041CFBE4BFB,"261QP2300X",Ambulatory Health Care Facilities : Clinic/Center : Primary Care,"Definition to come...",0,Active,"",2003-11-04 10:21:15.753
225,DC8F6DD8-4AC0-4031-A2A5-7087E1525881,"207RS0010X",Internal Medicine : Sports Medicine,"Definition to come...",0,Active,"",2003-11-04 10:21:14.847
594,A453FD9E-8C90-4F6B-9256-70966BB6CB1F,"311ZA0620X",Nursing & Custodial Care Facilities : Custodial Care Facility : Adult Care Home,"Definition: A custodial care facility providing supportive and personal care services to disabled and/or elderly individuals who cannot function independently in most areas of activity and need assistance and monitoring to enable them to remain in a home like environment.",0,Active,"",2003-11-04 10:21:15.927
199,"4122FFEA-4941-4870-BBB0-718477D43751","207Q00000X",Family Medicine,"Family Medicine is the medical specialty which is concerned with the total health care of the individual and the family. It is the specialty in breadth which integrates the biological, clinical, and behavioral sciences. The scope of family medicine is not limited by age, sex, organ system, or disease entity.",1,Active,FMP,2003-11-04 10:21:14.783
163,E995E563-E3C0-409B-A6C9-7277F404FFFE,"175M00000X","Other Service Providers : Midwife, Lay","Definition: A person qualified by experience and limited specialized training to provide obstetric and neo-natal care in the management of women having normal pregnancy, labor and childbirth. The lay midwife is licensed in some states.",1,Active,"",2003-11-04 10:21:14.690
267,"7390CD14-3945-49A6-96D4-7294819E8ACC","207ZN0500X",Pathology : Neuropathology,"Definition to come...",0,Active,"",2003-11-04 10:21:14.973
170,"763D8BA8-441C-4A0A-BD66-7294E401360F","1835N1003X",Pharmacy Service Providers : Pharmacist : Nutrition Support,"Definition to come...",0,Active,"",2003-11-04 10:21:14.707
693,"1AA65F6F-9613-4A6A-AD7D-72D2E401893C","372500000X",Nursing Service Related Providers : Chore Provider,"Definition: An individual who provides home maintenance services required to sustain a safe, sanitary living environment for individuals who because of age or disabilities is unable to perform the activities.  These services include heavy household chores such as washing floors, windows, and walls; tacking down loose rugs and tiles; and moving heavy items of furniture in order to provide safe access and egress.",1,Active,"",2003-11-04 10:21:16.253
9,"9389713A-FD90-4FDC-AC4C-736FE1CCD39E","101YS0200X",Behavioral Health & Social Service Providers : Counselor : School,"Definition to come...",0,Active,"",2003-11-04 10:21:14.097
69,"7E210B3B-D31B-4CA0-943B-7370523AA4A9","146L00000X","Emergency Medical Service Providers : Emergency Medical Technician, Paramedic","Definition: An EMT, Paramedic is an individual trained and certified to perform advanced life support (ALS) in medical emergencies based on individual state boards.Sources: Tabers Medical Dictionary and Florida EMS Clearing House.",1,Active,"",2003-11-04 10:21:14.237
336,CA3C5338-C596-4877-891D-7392E81D9ECE,"2086S0127X",Surgery : Trauma Surgery,"Definition to come...",0,Active,"",2003-11-04 10:21:15.143
103,FB65FE33-4C33-4A6D-A37B-73A82C451141,"163WF0300X",Nursing Service Providers : Registered Nurse : Flight,"Definition to come...",0,Active,"",2003-11-04 10:21:14.317
59,B8024C18-2466-48AA-93B2-745241199D41,"126900000X",Dental Providers : Dental Laboratory Technician,"Definition: An individual who has the skill and knowledge in the fabrication of dental appliances, prostheses and devices in accordance with a dentist's laboratory work authorization.  To avoid misleading the public, no occupational title other than dental laboratory technician or certified dental technician (when appropriate) should be used to describe this auxiliary.Source: Comprehensive Policy Statement on Dental Auxiliaries, American Dental Association.",1,Active,"",2003-11-04 10:21:14.207
111,"54254C55-56C0-4522-943B-7478EE4CAD17","163WI0600X",Nursing Service Providers : Registered Nurse : Infection Control,"Definition to come...",0,Active,"",2003-11-04 10:21:14.330
464,ADE08836-3F44-4E23-8D46-7494F6D69648,"246ZG0701X","Technologists, Technicians & Other Technical Service Providers : Specialist/Technologist, Other : Graphics Methods","Definition to come...",0,Active,"",2003-11-04 10:21:15.520
280,"0B27C6DE-EAE5-4E4A-8F97-74BD40FB80E4","2080P0201X",Pediatrics : Pediatric Allergy & Immunology,"Definition to come...",0,Active,"",2003-11-04 10:21:15.003
307,B09B2695-1C63-4128-BD79-75232B7D66CD,"2083X0100X",Preventive Medicine : Occupational Medicine,"Definition to come...",0,Active,OCM,2003-11-04 10:21:15.067
625,CB5C1568-2679-4F8E-92F2-759CC87B0F39,"3416A0800X",Transportation Services : Ambulance : Air,"Definition to come...",0,Active,"",2003-11-04 10:21:16.033
250,"0AD9CA19-8824-4BE1-B590-75A34CEB9CCC","207XX0004X",Orthopaedic Surgery : Foot and Ankle Orthopaedics,"Definition: Foot and Ankle Orthopaedics is a discipline of orthopaedic surgery that includes the in-depth study, prevention, and treatment of musculoskeletal diseases, disorders, and sequeiae of injuries in this anatomic region by medical, physical, and surgical methods.ACGME Accredited Residency Program Requirements:  1 year of training with 5 years Orthopedic Surgery for a total of 6 years.",0,Active,"",2003-11-04 10:21:14.910
194,D9BD9536-79CD-47C7-8974-75C6B1DCF5B8,"207PE0004X",Emergency Medicine : Emergency Medical Services,"Definition: Definition to come.",0,Active,"",2003-11-04 10:21:14.770
723,"98A5B528-C5A6-4558-830A-75E045A86A4E","207VB0002X",Obstetrics & Gynecology : Bariatric Medicine,"Bariatric medicine is the medical treatment of obesity and its associated conditions.  Bariatric medicine addresses the obese individual with a comprehensive program of diet, exercise and behavior modification, and when indicated, the prescription of appropriate medications as determined by the Bariatric physician.  Bariatric physicians are licensed physicians who offer specialized programs in the medical treatment of obesity and its associated conditions. ",0,Active,"",2008-04-16 11:26:00.000
530,E25501D8-D592-4C3F-B916-7690C9125A5E,"261QM1300X",Ambulatory Health Care Facilities : Clinic/Center : Multi-Specialty,"Definition to come...",0,Active,"",2003-11-04 10:21:15.737
251,"853720D1-FB7E-402E-949A-772C0F6E48F3","207XX0005X",Orthopaedic : Sports Medicine,"Definition: Orthopaedic Surgery, Sports Medicine is a subspecialty of Orthopaedics specializing in medical and surgical treatment of musculoskeletal injuries arising from sports.
Source: The American Academy of Orthopaedic Surgeons 02/14/1992.
ACGME Accredited Program Requirements: 1 year GME in the specialty + 5 years of Orthopaedic Surgery for a total of 6 years
",0,Active,"",2003-11-04 10:21:14.927
149,"33ECB26F-0A4D-4774-85AF-7733B3301E59","171W00000X",Other Service Providers : Contractor,"Definition: A person who contracts to supply certain materials or do certain work for a stipulated sum; esp., one whose business is contracting work in any of the building trades. For purposes of the taxonomy, a person who contracts to complete home repairs or modifications to accommodate a health condition (e.g. wheelchair ramp, kitchen counter lowering).Source: Websters New World Dictionary of the American Language, Second College Edition, William Collins + World Publishing Co., Inc., New York: 1974, p. 308",1,Active,"",2003-11-04 10:21:14.660
71,"85BAC159-0C8A-4FC9-96D7-776F1844AE6A","146N00000X","Emergency Medical Service Providers : Emergency Medical Technician, Basic","Definition: A Basic EMT is an individual trained and certified to perform basic life support treatment in medical emergencies based on individual state boards.Sources: Tabers Medical Dictionary and Florida EMS Clearing House.",1,Active,"",2003-11-04 10:21:14.237
11,C153F7CA-52BC-4F54-8D0F-779C141BECB6,"103GC0700X",Behavioral Health & Social Service Providers : Neuropsychologist : Clinical,"Definition to come...",0,Active,"",2003-11-04 10:21:14.097
262,"93C9EBFA-3542-4F67-A083-782B30C0E4FF","207ZD0900X",Pathology : Dermatopathology,"Definition: A dermatopathologist is an expert in diagnosing and monitoring diseases of the skin including infectious, immunologic, degenerative, and neoplastic diseases.  This entails the examination and interpretation of specially prepared tissue sections, cellular scrapings, and smears of skin lesions by means of light microscopy, electron microscopy, and fluorescence microscopy.A subspecialty certificate was first issued by the ABMS in 1974.  ACGME Accredited Residency Program Requirements:  None.",0,Active,"",2003-11-04 10:21:14.957
1107,"9FCC0994-80EB-411C-9F48-786B21E5A4D3","207LP3000X",Anesthesiology: Pediatric Anesthesiology,,0,"","",2009-09-08 13:42:59.440
1124,"7251ADE9-1D92-49D8-A0DA-790C10D6018F","225CX0006X",Rehabilitation Counselor: Orientation and Mobility Training Provider,,0,"","",2009-09-08 13:42:59.440
688,B91C1BDE-0C0B-4B28-99FC-7910360A98E7,"364SX0200X",Physician Assistants & Advanced Practice Nursing Providers : Clinical Nurse Specialist : Oncology,"Definition to come...",0,Active,"",2003-11-04 10:21:16.237
393,"404DE7DE-D993-4F2A-A17B-7973BA009EB6","226300000X","Respiratory, Rehabilitative & Restorative Service Providers : Kinesiotherapist","Definition: A provider trained and educated in the applied science of medically prescribed therapeutic exercise, education and adapted physical activities designed to improve the quality of line and health of adults and children by developing physical fitness, increasing mobility and independence, and improving psychosocial behavior. The kinesiotherapist seeks a coach-player relationship in which he/she helps the patient/client reach the goal of becoming an independent, self-sustaining person. Kinesiotherapists, as compared with physical therapists, put more emphasis on geriatric care, reconditioning and fitness, and psychiatric care. A large percentage of kinesiotherapists practice in Veterans Administration hospitals.Source: The Kinesiotherapy Association.",1,Active,"",2003-11-04 10:21:15.317
126,F6980C64-34E4-4958-9828-79BB962CB0BC,"163WP0809X","Nursing Service Providers : Registered Nurse : Psych/Mental Health, Adult","Definition to come...",0,Active,"",2003-11-04 10:21:14.363
1132,A19DFA44-BD73-4B3C-B5E9-7A7A7A62DD30,"341800000X",Military/U.S. Coast Guard Transport,,0,"","",2009-09-08 13:42:59.440
191,"4C076B4F-7642-48FB-BFAD-7AD39DE02F0E","207NP0225X",Dermatology : Pediatric Dermatology,"Definition: A dermatologist trained to diagnose and treat pediatric patients with benign and malignant disorders of the skin, mouth, external genitalia, hair and nails, as well as a number of sexually transmitted diseases. The dermatologist has had additional training and experience in the diagnosis and treatment of skin cancers, melanomas, moles, and other tumors of the skin, the management of contact dermatitis, and other allergic and nonallergic skin disorders, and in the recognition of the skin manifestations of systemic (including internal malignancy) and infectious diseases. Dermatologists have special training in dermatopathology and in the surgical techniques used in dermatology. They also have expertise in the management of cosmetic disorders of the skin such as hair loss and scars, and the skin changes associated with aging.A subspecialty certificate was approved by ABMS in 2000.  ACGME Accredited Residency Program Requirements:  None.",0,Active,"",2003-11-04 10:21:14.770
35,"6C406CDC-29D7-40ED-A033-7ADAE4929375","106H00000X",Behavioral Health & Social Service Providers : Marriage & Family Therapist,"Definition: A mental health provider, e.g. social worker, psychologist, etc. who concentrates his/her practice on the social, emotional and psychological treatment of married couples and families.",1,Active,"",2003-11-04 10:21:14.160
649,"933DACCF-1EA6-4718-A936-7AE9E835661B","363LP0808X",Physician Assistants & Advanced Practice Nursing Providers : Nurse Practitioner : Psych/Mental Health,"Definition to come...",0,Active,"",2003-11-04 10:21:16.097
671,CE918480-37FB-45C5-BE44-7BCF5AF667BD,"364SN0000X",Physician Assistants & Advanced Practice Nursing Providers : Clinical Nurse Specialist : Neonatal,"Definition to come...",0,Active,"",2003-11-04 10:21:16.177
520,"702B59C3-A259-4A03-82B0-7C10825FFA09","261QI0500X",Ambulatory Health Care Facilities : Clinic/Center : Infusion Therapy,"Definition to come...",0,Active,"",2003-11-04 10:21:15.707
294,A171B150-2FE6-4A05-BE68-7C978FBC2E1E,"2081P0004X",Physical Medicine & Rehabilitation : Spinal Cord Injury Medicine,"Definition: Physicians in the discipline of Spinal Cord Injury addresses the prevention, diagnosis, treatment and management of traumatic spinal cord injury and non-traumatic myelopathies including, on a life-long basis, the prevention, diagnosis and treatment of lated medical, physical, psychosocial and vocational disabilities and complications.  ACGME Accredited Residency Program Requirements:   1 year of training with 3-5 years in relevant specialty for a total of 4-6 years. ABMS Approved Subspecialty Certificate:  (Physical Medicine and Rehabilitation)",0,Active,"",2003-11-04 10:21:15.033
661,"7DC0ED6D-35BE-4CFA-AA12-7DA2A30D2346","364SC2300X",Physician Assistants & Advanced Practice Nursing Providers : Clinical Nurse Specialist : Chronic Care,"Definition to come...",0,Active,"",2003-11-04 10:21:16.143
568,"84339ED2-9F50-4587-BDAA-7DB1F56ACE7E","282NC0060X",Hospitals : General Acute Care Hospital : Critical Access,"Definition: Definition to come.",0,Active,"",2003-11-04 10:21:15.847
373,D133FFA2-BCAB-435A-95F4-7DD3EFB93F28,"225200000X","Respiratory, Rehabilitative & Restorative Service Providers : Physical Therapy Assistant","Definition: (1)Physical therapist assistants are skilled health care providers who are graduates of a physical therapist assistant associate degree program accredited by an agency recognized by the Secretary of the U.S. Department of Education or Council on Postsecondary Accreditation, who assists the physical therapist in providing physical therapy. The supervising physical therapist is directly responsible for the actions of the physical therapist assistant. The PTA performs physical therapy procedures and related tasks that have been selected and delegated by the supervising physical therapist. Duties of the PTA include assisting the physical therapist in implementing treatment programs, training patients in exercised and activities of daily living, conducting treatments, and reporting to the physical therapist on the patients responses. In addition to direct patient care, the PTA may also perform such functions as patient transport, and clinic or equipment preparation and maintenance. Currently more than half of all states require PTAs to be licensed, registered or certified. (2) An individual who works under the supervision of a physical therapist to assist him or her in providing physical therapy services. A physical therapy assistant may, for instance, help patients follow an appropriate exercise program that will increase their strength, endurance, coordination, and range of motion and train patients to perform activities of daily life.Source: (1) American Physical Therapy Association, P.O. Box 37257, Washington, D.C. 20013. (2) Lexikon: Dictionary of Health Care Terms, Organizations and Acronyms for the Era of Reform, Joint Commission on Accreditation of Healthcare Organizations, Oakbrook Terrace, IL: 1994, p. 612",1,Active,"",2003-11-04 10:21:15.253
45,"3996B835-8C65-4E92-B95E-7E313874E7ED","122300000X",Dental Providers : Dentist,"Definition: A dentist is a person qualified by a doctorate in dental surgery (D.D.S.) or dental medicine (D.M.D.), licensed by the state to practice dentistry, and practicing within the scope of that license.  There is no difference between the two degrees: dentists who have a DMD or DDS have the same education.  Universities have the prerogative to determine what degree is awarded.  Both degrees use the same curriculum requirements set by the American Dental Association's Commission on Dental Accreditation.  Generally, three or more years of undergraduate education plus four years of dental school is required to graduate and become a general dentist.  State licensing boards accept either degree as equivalent, and both degrees allow licensed individuals to practice the same scope of general dentistry.  Additional post-graduate training is required to become a dental specialist.Source: Council on Dental Education and Licensure, American Dental Association",1,Active,DEN,2003-11-04 10:21:14.177
87,"726A3874-9704-4490-B71D-7E35AE3C57E0","156FX1800X",Eye and Vision Services Providers : Technician/Technologist : Optician,"Definition to come...",0,Active,"",2003-11-04 10:21:14.270
223,"0AC12491-50B2-4645-B708-7E6C354ABE5A","207RP1001X",Internal Medicine : Pulmonary Disease,"Definition: See Definitions for Pulmonary Disease and Critical Care Medicine.ACGME Accredited Program Requirements: 3 years of training with 3 years in Internal Medicine for a total of 6 years.",0,Active,"",2003-11-04 10:21:14.847
324,"79D4F936-7770-4E82-9CB0-7EB7E7C7154F","2085P0229X",Radiology : Pediatric Radiology,"Definition: Definition to come.",0,Active,"",2003-11-04 10:21:15.113
269,"799BC015-AF74-4423-824E-7F3FA085975D","207ZP0101X",Pathology : Anatomic Pathology,"Definition to come...",0,Active,ANP,2003-11-04 10:21:14.973
145,"010D9C9A-4672-43C4-B505-7F3FC59923C7","164X00000X",Nursing Service Providers : Licensed Vocational Nurse,"Definition: An individual with post-high school vocational training and practical experience in the provision of nursing care at a level less than that required for certification as a Registered Nurse. [An alternate term for licensed practical nurse arising from difference in occupational titles between states and post-high school training programs and institutions.] Requirements for education, experience, licensure, and job responsibilities vary among the states.Source: Rhea, Ott, and Shafritz, The Facts On File Dictionary of Health Care Management, New York: Facts On File Publications, 1988.",1,Active,"",2003-11-04 10:21:14.643
161,"3755E482-2CEC-41D9-9B33-7FC49BB3C8DD","175F00000X",Other Service Providers : Naturopath,"Definition: An individual who practices naturopathy, a system of therapeutics in which neither surgical nor medicinal agents are used, dependence being placed only on natural (nonmedicinal) forces.",1,Active,"",2003-11-04 10:21:14.690
61,"111BC76B-03BA-4E52-991B-8098937DBAAB","133N00000X",Dietary & Nutritional Service Providers : Nutritionist,"Definition: A specialist in adapting and applying food and nutrient knowledge to the solution of food and nutritional problems, the control of disease, and the promotion of health. Nutritionists perform research, instruct groups and individuals about nutritional requirements, and assist people in developing meal patterns that meet their nutritional needs; (2) A nutritionist is someone who has completed undergraduate and/or graduate training in the discipline of nutrition without necessarily meeting the academic and experience requirements to qualify for the Registered Dietitian designation.Source: (1) Rhea, Ott, and Shafritz, The Facts On File Dictionary of Health Care Management, New York: Facts On File Publications, 1988.",1,Active,"",2003-11-04 10:21:14.223
260,DF0CC923-23F6-4F83-85D0-80CD0113C583,"207ZB0001X",Pathology : Blood Banking & Transfusion Medicine,"Definition to come...",0,Active,"",2003-11-04 10:21:14.940
475,BCF8BD78-763F-4C88-890F-81252E603D79,"2471C3401X","Technologists, Technicians & Other Technical Service Providers : Radiologic Technologist : Computed Tomography","Definition to come...",0,Active,"",2003-11-04 10:21:15.550
332,"6031FA3F-CBAC-4BA4-807B-812D94B569F7","2086S0102X",Surgery : Surgical Critical Care,"Definition to come...",0,Active,"",2003-11-04 10:21:15.143
664,"63139B9B-88D8-459E-B003-8137F1FFDB20","364SF0001X",Physician Assistants & Advanced Practice Nursing Providers : Clinical Nurse Specialist : Family Health,"Definition to come...",0,Active,"",2003-11-04 10:21:16.143
729,D4DEA0E4-AFA2-4670-A877-813CF2028AAF,"246ZC0007X","Specialist/Technologist, Other : Certified First Assistant","As defined by the American College of Surgeons (ACS), the surgical first assistant provides aid in exposure, hemostasis, and other technical functions that will help the surgeon carry out a safe operation with optimal results for the patient. These functions include, but are not limited to, positioning of the patient, suturing, and closure of body planes and skin, and the application of wound dressings.",0,Active,"",2008-04-16 11:26:00.000
514,"23A98D17-B6A9-4772-99EA-81CC145F4B02","261QE0800X",Ambulatory Health Care Facilities : Clinic/Center : Endoscopy,"Definition to come...",0,Active,"",2003-11-04 10:21:15.677
592,"5E1F2F70-DCF6-49C7-A729-82F4A344193F","311500000X",Nursing & Custodial Care Facilities : Alzheimer Center (Dementia Center),"Definition: A freestanding facility or special care unit of a long term care facility focusing on patient care of individuals diagnosed with dementia or Alzheimers Disease or their related diseases. Six elements of the facility/unit set it apart from other (the rest of the) facilities(y):  Admission of residents with dementia (including those with Alzheimer's disease);  Staff who are specially selected, trained, and supervised;  Activities that are specifically designed for the cognitively impaired;  A marketing of a special care unit in brochures;  A high level of family involvement; and  A physical environment designed to keep residents safe and segregated from other populations.",1,Active,"",2003-11-04 10:21:15.927
215,"6A5FCC97-79A8-4145-9978-830D2B38E93D","207RH0000X",Internal Medicine : Hematology,"Definition to come...",0,Active,"",2003-11-04 10:21:14.830
734,"36E9D52B-ECF0-46D7-BB0F-831101F88AC8","252Y00000X",Early Intervention Provider Agency,"Early intervention services are an effective way to address the needs of infants and toddlers who have developmental delays or disabilities. The services are made available through a federal law known as the Individuals with Disabilities Education Act (IDEA). IDEA provides states and territories with specific requirements for providing early intervention services to infants and toddlers with special needs. In turn, each state and territory develops its own policies for carrying out IDEA and its requirements. Broadly speaking, early intervention services are special services for eligible infants and toddlers and their families. These services are designed to identify and meet children? needs in five developmental areas. These areas are: physical development, cognitive development, communication, social or emotional development, and adaptive development.",1,Active,"",2008-04-16 11:26:00.000
289,"6CFD795A-ED87-45A3-80E2-83A7D7D187BC","2080P0214X",Pediatrics : Pediatric Pulmonology,"Definition to come...",0,Active,"",2003-11-04 10:21:15.020
89,D3581808-CAAD-47E9-BC39-83B6CA634EC5,"163W00000X",Nursing Service Providers : Registered Nurse,"Definition: (1) A registered nurse is a person qualified by graduation from an accredited nursing school (depending upon schooling, a registered nurse may receive either a diploma from a hospital program, an associate degree in nursing (A.D.N.) or a Bachelor of Science degree in nursing (B.S.N.), who is licensed or certified by the state, and is practicing within the scope of that license or certification. R.N.s assist patient in recovering and maintaining their physical or mental health. They assist physicians during treatments and examinations and administer medications. (2) A provider who is trained and educated in a formal nursing education program at an accredited school of nursing, passes a national certification examination, and is licensed by the state to practice nursing. The individual provides nursing services to patients or clients in areas such as health promotion, disease prevention, acute and chronic care and restoration and maintenance of health across the life span.Sources: (2) American Nurses Association, American Nurses Credentialing Center, 1996 Certification Catalogue, and Rhea, Ott, and Shafritz, The Facts On File Dictionary of Health Care Management, New York: Facts On File Publications, 1988.",1,Active,DLN,2003-11-04 10:21:14.283
436,EDB6B363-2F87-47D0-A3A6-852869F2A840,"246QH0401X","Technologists, Technicians & Other Technical Service Providers : Spec/Tech, Pathology : Hemapheresis Practitioner","Definition to come...",0,Active,"",2003-11-04 10:21:15.440
378,"64A561AE-1704-472C-AEE6-8537AB3A63DE","225600000X","Respiratory, Rehabilitative & Restorative Service Providers : Dance Therapist","Definition: The dance therapist, sometimes called a movement therapist, focuses on rhythmic body movements as a medium of physical and psychological change. Dance therapy is practiced more often with mental health patients than with physically disabled patients. A masters degree is required by the American Dance Therapy Association to award the credentials Dance Therapist Registered (DTR).Source: Joel A. DeLisa and Bruce M. Gans, Rehabilitation Medicine: Principles and Practice Second Edition, J.B. Lippincott Company, Philadelphia: 1993, p. 11",1,Active,"",2003-11-04 10:21:15.283
596,F035F19D-6AAA-412C-8F78-858AA87E7FF8,"314000000X",Nursing & Custodial Care Facilities : Skilled Nursing Facility,"Definition: (1) A skilled nursing facility is a facility or distinct part of an institution whose primary function is to provide medical, continuous nursing, and other health and social services to patients who are not in an acute phase of illness requiring services in a hospital, but who require primary restorative or skilled nursing services on an inpatient basis above the level of intermediate or custodial care in order to reach a degree of body functioning to permit self care in essential daily living. It meets any licensing or certification standards et forth by the jurisdiction where it is located. A skilled nursing facility may be a freestanding facility or part of a hospital that has been certified by Medicare to admit patients requiring subacute care and rehabilitation; (2) Provides non-acute medical and skilled nursing care services, therapy and social services under the supervision of a licensed registered nurse on a 24-hour basis.Source: (1) ""Glossary of terms used in managed care"" Developed by the Managed Care Assembly (MCA) of Medical Group Management Association (MGMA), MGM Journal, September/October 1995, p. 64; (2) AHA Guide, 1996 Annual Survey.",1,Active,"",2003-11-04 10:21:15.940
402,"0F5D00AF-E7DE-4A9A-A292-861959B6785B","2278P1005X","Respiratory, Rehabilitative & Restorative Service Providers : Respiratory Therapist, Certified : Pulmonary Rehabilitation","Definition: The respiratory therapist can assist the chronic pulmonary patient in returning to an optimal role in society by providing an effective program.  It includes bronchopulmonary drainage, exercise therapy, and patient education.",0,Active,"",2003-11-04 10:21:15.347
563,"11B1DBE9-5460-4E91-A2C2-86F7D932E0D1","275N00000X",Hospital Units : Medicare Defined Swing Bed Unit,"Definition: A unit of a hospital that has a Medicare provider agreement and has been granted approval from HCFA to provide post-hospital extended care services and be reimbursed as a swing-bed unit.Source: Code of Federal Regulations #42, Section 482.66.	",1,Active,"",2003-11-04 10:21:15.830
695,E17AC23B-E438-496F-A209-87276666FFB9,"373H00000X",Nursing Service Related Providers : Day Training/Habilitation Specialist,"Definition: Individuals experienced or trained in working with developmentally disabled individuals who need assistance in acquiring and maintaining life skills that enable them to cope more effectively with the demands of independent living.",1,Active,"",2003-11-04 10:21:16.270
101,"0C28904C-2242-449F-9763-877D0ABFB9F6","163WE0003X",Nursing Service Providers : Registered Nurse : Emergency,"Definition to come...",0,Active,"",2003-11-04 10:21:14.300
210,"36CED858-F632-4281-8BD7-87B21BC52261","207RC0001X",Internal Medicine : Clinical Cardiac Electrophysiology,"Definition to come...",0,Active,"",2003-11-04 10:21:14.817
452,"9A026C2B-4A55-4106-8467-87C83CE5BAF9","246Y00000X","Technologists, Technicians & Other Technical Service Providers : Spec/Tech, Health Info","Definition: An individual with a high school diploma, on-the-job experience and coding education from seminars or college classes who passes a national certification examination in either inpatient and outpatient facility services coding, or physician services coding.Source: American Health Information Management Association, Chicago, IL, 1996.",1,Active,"",2003-11-04 10:21:15.487
659,"41E1298A-CCAB-452C-8D7D-888AAD38CBAA","364SC0200X",Physician Assistants & Advanced Practice Nursing Providers : Clinical Nurse Specialist : Critical Care Medicine,"Definition to come...",0,Active,"",2003-11-04 10:21:16.130
612,"58A90F8D-2904-4934-A9A9-8909A6F04FB5","332BD1200X",Suppliers : Durable Medical Equipment & Medical Supplies : Dialysis Equipment & Supplies,"Definition to come...",0,Active,"",2003-11-04 10:21:15.987
622,"445E55BA-6611-468F-80F9-890BA1CC9408","335U00000X",Suppliers : Organ Procurement Organization,"Definition: A federally designated organization that works with hospital personnel in retrieval of organs for transplantation. The federal government designates an OPOs service area and the hospitals with which an OPO is to establish working relationships.",1,Active,"",2003-11-04 10:21:16.020
322,"5911A220-EFD1-4A6C-8407-89202781F511","2085N0700X",Radiology : Neuroradiology,"Definition to come...",0,Active,"",2003-11-04 10:21:15.113
493,"4A97A694-1F1E-471A-8D59-892D3025D1E7","251E00000X",Agencies : Home Health,"Definition to come...",1,Active,"",2003-11-04 10:21:15.613
433,"8A377ED7-A463-4B82-BA8B-89336C52859A","246QC1000X","Technologists, Technicians & Other Technical Service Providers : Spec/Tech, Pathology : Chemistry","Definition to come...",0,Active,"",2003-11-04 10:21:15.440
196,BAD90546-581E-42BD-81B0-893C88495189,"207PP0204X",Emergency Medicine : Pediatric Emergency Medicine,"Definition: Definition to come.",0,Active,"",2003-11-04 10:21:14.783
34,"19006322-5A83-46BA-8481-894447F6DA7F","1041S0200X",Behavioral Health & Social Service Providers : Social Worker : School,"Definition to come...",0,Active,"",2003-11-04 10:21:14.160
1110,D367C4F2-BA2D-476C-9728-8956EA029F55,"207XP3100X",Orthopaedic Surgery: Pediatric Orthopaedic Surgery,,0,"","",2009-09-08 13:42:59.440
543,"162E5094-EB3F-4C92-A2D3-8998E5553491","261QR0207X","Ambulatory Health Care Facilities : Clinic/Center : Radiology, Mobile Mammography","Definition to come...",0,Active,"",2003-11-04 10:21:15.770
428,B3446F80-2797-4835-BABC-89EF5929D1B0,"235Z00000X","Speech, Language and Hearing Service Providers : Speech-Language Pathologist","Definition: A speech pathologist is a person qualified by a masters degree in speech-language pathology, and where applicable, licensed by the state and practicing within the scope of the license. Also, known as speech therapist, a speech pathologist evaluates patients with language and speech impairments or disorders, whether arising from physiological and neurological disturbances, defective articulation or foreign dialects, and conducts remedial programs designed to restore or improve their communication efficacy. Speech pathologists assess and treat persons with speech, language, voice, and fluency disorders.",1,Active,"",2003-11-04 10:21:15.427
705,"4464E5DD-83BC-4401-817F-8A56AB7C1ABE","385HR2050X",Respite Care Facility : Respite Care : Respite Care Camp,"Definition: A camping facility that provides specialized respite care to individuals requiring enhanced services to enable them to remain in the community, (e.g., those with developmental delays, mental retardation, mental/behavioral disorders).  The staff must have training in working with the target populations and dealing with emergency situations which might be related to or exacerbate the individual's condition.",0,Active,"",2003-11-04 10:21:16.300
338,BB80160A-2658-4F8C-9FFF-8A74AF340C46,"2086X0206X",Surgery : Surgical Oncology,"Definition: Definition to come.",0,Active,"",2003-11-04 10:21:15.160
10,A92C77A2-7A0E-428E-A88E-8AF5C23D8244,"103G00000X",Behavioral Health & Social Service Providers : Neuropsychologist,"Definition: An individual with a doctorate degree, licensure in clinical psychology and specialized training or board certification in neuropsychology who practices or adheres to the principles of neuropsychology; a specialty within the field of psychology focusing primarily on neurobehavioral functioning.Source: American Psychological Association, Washington, DC, 1997.",1,Active,"",2003-11-04 10:21:14.097
112,"4B652F46-2455-43BF-BB8C-8B08A9A0DEED","163WL0100X",Nursing Service Providers : Registered Nurse : Lactation Consultant,"Definition to come...",0,Active,"",2003-11-04 10:21:14.330
542,"90C2AD50-6545-40C2-83D3-8B173B85A988","261QR0206X","Ambulatory Health Care Facilities : Clinic/Center : Radiology, Mammography","Definition to come...",0,Active,"",2003-11-04 10:21:15.770
52,EE04B59A-FA98-492D-B5CA-8B954CB8FEBA,"1223P0700X",Dental Providers : Dentist : Prosthodontics,"Definition: That branch of dentistry pertaining to the restoration and maintenance of oral functions, comfort, appearance and health of the patient by the restoration of natural teeth and/or the replacement of missing teeth and contiguous oral and maxillofacial tissues with artificial substitutes.Source: Council on Dental Education and Licensure, American Dental Association",0,Active,"",2003-11-04 10:21:14.190
477,D0562AAD-9430-4174-AECE-8C30D342DA60,"2471M1202X","Technologists, Technicians & Other Technical Service Providers : Radiologic Technologist : Magnetic Resonance Imaging","Definition to come...",0,Active,"",2003-11-04 10:21:15.567
37,"4C4EAF43-72E2-4D68-93AD-8C3E4FF3516E","111NI0900X",Chiropractic Providers : Chiropractor : Internist,"Definition to come...",0,Active,"",2003-11-04 10:21:14.160
529,B9B46C4D-A547-4E19-8E38-8C7B505B47B2,"261QM1200X",Ambulatory Health Care Facilities : Clinic/Center : Magnetic Resonance Imaging (MRI),"Definition to come...",0,Active,"",2003-11-04 10:21:15.723
184,B75FAF18-4ED9-497C-85DC-8C911CAAEE28,"207LA0401X",Anesthesiology : Addiction Medicine,"Definition: Definition to come.",0,Active,"",2003-11-04 10:21:14.753
266,"0EF291C1-61BC-4D5F-8F30-8CBB99B3A94D","207ZM0300X",Pathology : Medical Microbiology,"Definition to come...",0,Active,"",2003-11-04 10:21:14.957
487,A32511F6-3FC5-40A4-B3AF-8CBDD25E3A76,"2472D0500X","Technologists, Technicians & Other Technical Service Providers : Technician, Other : Darkroom","Definition to come...",0,Active,"",2003-11-04 10:21:15.597
473,"812EE5CC-29C0-4234-B053-8CED85B9F85F","2471C1101X","Technologists, Technicians & Other Technical Service Providers : Radiologic Technologist : Cardiovascular-Interventional Technology","Definition to come...",0,Active,"",2003-11-04 10:21:15.550
616,A502DB92-1633-4995-8D4D-8D1BF84674A6,"332G00000X",Suppliers : Eye Bank,"Definition: An eye bank procures and distributes eyes for transplant, education and research. To promote patient safety, donated eyes and donor medial histories are evaluated based on strict Eye Bank Association of America Medical Standards",1,Active,"",2003-11-04 10:21:16.003
252,"5DEDACA1-EBCC-4CC9-92FB-8D49EE1F2639","207XX0801X",Orthopaedic Surgery : Orthopaedic Trauma,"Definition: Definition to come.",0,Active,"",2003-11-04 10:21:14.927
606,"76970836-EF1F-40B0-9728-8DF1C55E4EAF","323P00000X",Residential Treatment Facilities : Psychiatric Residential Treatment Facility,"Definition: A residential treatment facility (RTF) is a facility or distinct part of a facility that provides to children and adolescents, a total, twenty-four hour, therapeutically planned group living and learning situation where distinct and individualized psychotherapeutic interventions can take place. Residential treatment is a specific level of care to be differentiated from acute, intermediate, and long-term hospital care, when the least restrictive environment is maintained to allow for normalization of the patients surroundings. The RTF must be both physically and programmatically distinct if it is a part or subunit of a larger treatment program. An RTF is organized and professionally staffed to provide residential treatment of mental disorders to children and adolescents who have sufficient intellectual potential to respond to active treatment (that is, for whom it can reasonably be assumed that treatment of the mental disorder will result in an improved ability to function outside the RTF) for whom outpatient treatment, partial hospitalization or protected and structured environment is medically or psychologically necessarySource: Champus Policy manual, Volume II, p. 6010.47M dated 9/12/94. Revision: Definition title revised 7/1/03",1,Active,"",2003-11-04 10:21:15.973
602,E0C44005-7611-43F6-969B-8E1EA43F7D4E,"320700000X","Residential Treatment Facilities : Residential Treatment Facility, Physical Disabilities","Definition: A residential facility that provides habilitation services and other care and treatment to adults or children diagnosed with developmental disabilities and/or mental retardation and are not able to live independently.",1,Active,"",2003-11-04 10:21:15.957
1139,F247FA78-12D2-45EE-82CA-8EA7DE0E0641,"207VF0040X",Female Pelvic Medicine and Reconstructive Surgery,Definition to come...,0,Active,"",2014-11-05 16:15:02.597
488,"8FB3609D-3EC0-45BF-80D5-8F2B836275EE","2472E0500X","Technologists, Technicians & Other Technical Service Providers : Technician, Other : EEG","Definition to come...",0,Active,"",2003-11-04 10:21:15.597
325,"0A3C02EC-7C8C-4A1B-803C-8F418E67F57F","2085R0001X",Radiology : Radiation Oncology,"Definition to come...",0,Active,RON,2003-11-04 10:21:15.113
522,A31990C3-2311-4591-B659-8F48085B3072,"261QM0801X",Ambulatory Health Care Facilities : Clinic/Center : Mental Health (Including Community Mental Health Center),"Definition to come...",0,Active,"",2003-11-04 10:21:15.707
173,"81704C55-E104-45BE-8083-8F7B5102CCF4","183700000X",Pharmacy Service Providers : Pharmacy Technician,"Definition: Definition to come.",1,Active,"",2003-11-04 10:21:14.723
670,"48D85539-7FB8-4792-A5EC-8F8130107AEA","364SM0705X",Physician Assistants & Advanced Practice Nursing Providers : Clinical Nurse Specialist : Medical-Surgical,"Definition to come...",0,Active,"",2003-11-04 10:21:16.177
1105,E8B816AA-A38B-4972-BC1E-8FB036C59049,"202K00000X",Phlebology,,0,"","",2009-09-08 13:42:59.440
205,"8406B195-FA48-4F50-AB4C-90404592314A","207R00000X",Internal Medicine,"Definition to come...",1,Active,MED,2003-11-04 10:21:14.800
301,"74951F22-172C-4DF8-8E11-90741DAB7C58","2083A0100X",Preventive Medicine : Aerospace Medicine,"Definition to come...",0,Active,AEM,2003-11-04 10:21:15.050
555,"4DACE974-247F-4761-A0CA-9081CCAD6A5A","261QS1200X",Ambulatory Health Care Facilities : Clinic/Center : Sleep Disorder Diagnostic,"Definition to come...",0,Active,"",2003-11-04 10:21:15.800
1136,"24ED402E-2FA3-4D31-BCDC-910778A383DB","374J00000X",Doula,,0,"","",2009-09-08 13:42:59.440
626,"67B00A72-B73F-40E2-A872-911E7BA2675C","3416L0300X",Transportation Services : Ambulance : Land,"Definition to come...",0,Active,"",2003-11-04 10:21:16.033
347,D9535071-00C3-41AB-84DC-912104C47188,"209800000X",Legal Medicine,"Definition: Legal Medicine is a special field of medicine that focuses on various aspects of medicine and law. Historically, the practice of legal medicine made contributions to medicine as a scientific instrument to solve criminal perplexities. Since World War II, the domain of legal medicine has broadened to include not only aspects of medical science to solve legal and criminal problems but aspects of law as it applies to medicine. Legal Medicine continues to grow as medicolegal issues like medical malpractice and liability, government regulation of health care, issues of tort reform, and moral and ethical complexities presented by technological advances become increasingly prominent. Many medical schools have implemented courses which supply medicolegal instruction for medical students, and many law schools now offer medicolegal courses. Also, dual degree programs in law and medicine have been created to assist physicians to bridge the gap between medicine and the law.Source: American Board of Legal Medicine 08/1992Training Programs, and/or Fellowships, Preceptorships: Certification available through the American Board of Legal Medicine.  ACGME Accredited Residency Program Requirements:  Non ",1,Active,"",2003-11-04 10:21:15.190
360,"00D6E179-0E6E-47C1-AE33-912E43536457","224Z00000X","Respiratory, Rehabilitative & Restorative Service Providers : Occupational Therapy Assistant","Definition: An Occupational Therapy assistant: provides medically prescribed occupational therapy services under the supervision of a registered occupational therapist to promote rehabilitation of patients in the hospital, home, schools and other settings; has completed a 2-year associate degree or one of the limited number of certificate programs; has met the qualifications as determined by the representative assembly and thus is entitled to use the term Certified occupational therapy assistant.Source: Valerie Walker, COTA Program Specialist, Practice Dept., Chronicle Guidance publications, American Occupational Therapy Association",1,Active,"",2003-11-04 10:21:15.223
207,A999FB20-B8EF-4FEF-B450-917B1A8C2648,"207RA0201X",Internal Medicine : Allergy & Immunology,"Definition to come...",0,Active,"",2003-11-04 10:21:14.817
441,BFA0C36E-0F96-4D10-9C58-9204839CB394,"246QM0706X","Technologists, Technicians & Other Technical Service Providers : Spec/Tech, Pathology : Medical Technologist","Definition to come...",0,Active,"",2003-11-04 10:21:15.457
650,"322A2E13-20FE-44EA-BB78-921849C63CCB","363LP1700X",Physician Assistants & Advanced Practice Nursing Providers : Nurse Practitioner : Perinatal,"Definition to come...",0,Active,"",2003-11-04 10:21:16.113
655,D4F33509-1558-4FCA-B779-92527B1F1CF0,"363LX0106X",Physician Assistants & Advanced Practice Nursing Providers : Nurse Practitioner : Occupational Health,"Definition to come...",0,Active,"",2003-11-04 10:21:16.130
636,B6FA9CD8-05C7-4118-9D5F-934094B9404E,"363AM0700X",Physician Assistants & Advanced Practice Nursing Providers : Physician Assistant : Medical,"Definition to come...",0,Active,"",2003-11-04 10:21:16.067
131,"7D2DB681-428E-48D6-8D99-937EC945246E","163WS0121X",Nursing Service Providers : Registered Nurse : Plastic Surgery,"Definition to come...",0,Active,"",2003-11-04 10:21:14.380
635,"6B342EF6-4C61-49E4-BAC2-9382065D7F9E","363A00000X",Physician Assistants & Advanced Practice Nursing Providers : Physician Assistant,"Definition: A physician assistant is a person who has successfully completed an accredited education program for physician assistant, is licensed by the state and is practicing within the scope of that license. Physician assistants are formally trained to perform many of the routine, time-consuming tasks a physician can do. In some states, they may prescribe medications. They take medical histories, perform physical exams, order lab tests and x-rays, and give inoculations. Most states require that they work under the supervision of a physician.",1,Active,PAS,2003-11-04 10:21:16.067
36,"8EB9EBD4-EAA4-4173-8988-93A92D422760","111N00000X",Chiropractic Providers : Chiropractor,"Definition: A provider qualified by a Doctor of Chiropractic (D.C.), licensed by the State and who practices chiropractic medicine -that discipline within the healing arts which deals with the nervous system and its relationship to the spinal column and its interrelationship with other body systems.",1,Active,CHP,2003-11-04 10:21:14.160
449,"7F9BC799-AF68-4609-BCAC-93F37CE55683","246XC2901X","Technologists, Technicians & Other Technical Service Providers : Spec/Tech, Cardiovascular : Cardiovascular Invasive Specialist","Definition to come...",0,Active,"",2003-11-04 10:21:15.487
712,"990CE7CC-3339-4434-883A-9447E8FB6C3A","208400000X",Psychiatry & Neurology : Epilepsy,"",1,Active,"",2003-12-15 10:35:05.937
505,DCAD5C8A-C846-4D05-8375-948C890321BE,"261QA3000X",Ambulatory Health Care Facilities : Clinic/Center : Augmentative Communication,"Definition: An entity, facility, or distinct part of a facility staffed by audiology and/or speech professionals with special training in the evaluation of a patient's potential for use of an augmentative communication device, determination of the most appropriate device, adjustment and maintenance of the device, and training the patient to use the device.",0,Active,"",2003-11-04 10:21:15.643
678,"5D55AE32-261A-4B3A-8C9E-94C38DD6BDE7","364SP0811X","Physician Assistants & Advanced Practice Nursing Providers : Clinical Nurse Specialist : Psych/Mental Health, Chronically Ill","Definition to come...",0,Active,"",2003-11-04 10:21:16.207
576,"85488231-6A16-416B-ABB9-950AD7F61ABA","286500000X",Hospitals : Military Hospital,"Definition: A health care facility operated by the Department of Defense.",1,Active,"",2003-11-04 10:21:15.863
1115,"775A48E7-7978-433C-A443-95DD0926D657","2081H0002X",Physical Medicine & Rehabilitation: Hospice and Palliative Medicine,,0,"","",2009-09-08 13:42:59.440
424,"9D0692E2-B4F1-4381-9D4B-95EB7AC06F3B","231HA2500X","Speech, Language and Hearing Service Providers : Audiologist : Assistive Technology Supplier","Definition to come...",0,Active,"",2003-11-04 10:21:15.410
305,"2E2F833C-BD29-40BF-9B3F-96288A9D79E8","2083S0010X",Preventive Medicine : Sports Medicine,"Definition to come...",0,Active,"",2003-11-04 10:21:15.067
676,D299D948-AD2F-4EBB-B6F9-9696C1E519DC,"364SP0809X","Physician Assistants & Advanced Practice Nursing Providers : Clinical Nurse Specialist : Psych/Mental Health, Adult","Definition to come...",0,Active,"",2003-11-04 10:21:16.190
556,"8008DBF2-9E6A-4D2E-8884-96E6B3F95174","261QU0200X",Ambulatory Health Care Facilities : Clinic/Center : Urgent Care,"Definition to come...",0,Active,"",2003-11-04 10:21:15.817
617,BB16A6AE-4B9C-4B25-B20A-973B325D946E,"332H00000X","Suppliers : Eyewear Supplier (Equipment, not the service)","Definition: An organization that provides spectacles, contact lenses, and other vision enhancement devices prescribed by an optometrist or ophthalmologist.",1,Active,"",2003-11-04 10:21:16.003
95,BD5EB200-A4A1-438F-AEFB-97987CDF3E0A,"163WC1500X",Nursing Service Providers : Registered Nurse : Community Health,"Definition to come...",0,Active,"",2003-11-04 10:21:14.300
528,D399450D-4B16-4A02-B8BD-980551359D94,"261QM1102X",Ambulatory Health Care Facilities : Clinic/Center : Military Operational Component,"Definition to come...",0,Active,"",2003-11-04 10:21:15.723
503,"44A09CC5-25B9-4A4B-93F5-98617A6AC936","261QA0900X",Ambulatory Health Care Facilities : Clinic/Center : Amputee,"Definition: An entity, facility, or distinct part of a facility providing counseling, fitting, custom design, prescriptive, and training services related to congenital or postoperative absence of all or part of a limb or limbs.",0,Active,"",2003-11-04 10:21:15.643
127,E26E9ED9-852C-4EF0-AB11-98A6754F33DE,"163WP1700X",Nursing Service Providers : Registered Nurse : Perinatal,"Definition to come...",0,Active,"",2003-11-04 10:21:14.363
628,"957DB5DB-347D-4FD0-9CE8-98F458105CCF","343800000X",Transportation Services : Secured Medical Transport (VAN),"Definition: A public or privately owned transportation service with vehicles, specially equipped to provide enhanced safety, security and passenger restraint, and staffed by one or more individuals trained to work with patients in crisis situations resulting from mental or emotional illness and/or substance abuse.",1,Active,"",2003-11-04 10:21:16.033
749,"3CD8F948-3889-48EE-A593-991FE97E60B1","3336N0007X",Pharmacy : Nuclear Pharmacy,A pharmacy dedicated to the compounding and dispensing of radioactive materials for use in nuclear imaging and nuclear medical procedures.,0,Active,"",2008-04-16 11:26:00.000
192,"38A49E71-9D3D-45A3-9A2C-996A7AF39F69","207NS0135X",Dermatology : Dermatological Surgery,"Definition: Definition to come.",0,Active,"",2003-11-04 10:21:14.770
398,"9B4D1090-74D4-49A0-A147-99C7CD6A9745","2278G0305X","Respiratory, Rehabilitative & Restorative Service Providers : Respiratory Therapist, Certified : Geriatric Care","Definition: Care of older patients who have age and/or disease related decremental pulmonary changes.  Diagnosis and treatment is very important for this group since chronic lung disease is the major cause of morbidity and mortality among them.  Furthermore, as this segment of the population increases, life expectancy is being extended.",0,Active,"",2003-11-04 10:21:15.330
425,F18AAFCE-020F-462B-A3D2-99D9402F95C0,"235500000X","Speech, Language and Hearing Service Providers : Specialist/Technologist","Definition: General classification identifying individuals who are trained on a specific piece of equipment or technical procedure.",1,Active,"",2003-11-04 10:21:15.410
648,"025340E0-ED59-4E68-BAFC-9A152D220921","363LP0222X","Physician Assistants & Advanced Practice Nursing Providers : Nurse Practitioner : Pediatrics, Critical Care","Definition to come...",0,Active,"",2003-11-04 10:21:16.097
72,ED49C904-190B-4D1F-AC52-9A2ACCD31EE0,"152W00000X",Eye and Vision Services Providers : Optometrist,"Definition: An optometrist is a person qualified by a Doctor of Optometry (O.D. ) degree, licensed by the state and practicing within the scope of that license. Optometrists examine the eyes and related structures to determine the presence of any abnormality and prescribe and adapt lenses or optical aids. They use drugs for diagnosis in all states and for treatment in some states. They do not perform surgery.",1,Active,"",2003-11-04 10:21:14.237
1108,"0993CB6C-FA0A-4D86-BAD5-9A51E4617284","207PH0002X",Emergency Medicine: Hospice and Palliative Medicine,,0,"","",2009-09-08 13:42:59.440
1114,"0B3E8CBD-BD9A-413A-A6F8-9B30235413FA","2080S0012X",Pediatrics: Sleep Medicine,,0,"","",2009-09-08 13:42:59.440
387,F3B62C49-443B-4F5C-AE41-9B8185590AA3,"225XE1200X","Respiratory, Rehabilitative & Restorative Service Providers : Occupational Therapist : Ergonomics","Definition to come...",0,Active,"",2003-11-04 10:21:15.300
40,"36B86884-974D-4C2F-8B6D-9BF8C1289996","111NR0200X",Chiropractic Providers : Chiropractor : Radiology,"Definition to come...",0,Active,"",2003-11-04 10:21:14.160
317,"94168180-4B0E-49A4-9034-9C64463B3D2A","2084P0805X",Psychiatry & Neurology : Geriatric Psychiatry,"Definition to come...",0,Active,"",2003-11-04 10:21:15.097
610,"9D3E9808-7AA4-4D9D-B48E-9C6C224C2E8E","332B00000X",Suppliers : Durable Medical Equipment & Medical Supplies,"Definition: A supplier of medical equipment such as respirators, wheelchairs, home dialysis systems, or monitoring systems, that are prescribed by a physician for a patients use in the home and that are usable for an extended period of time.",1,Active,"",2003-11-04 10:21:15.973
674,F713055E-4C48-4438-8E2C-9DA0BFC58A1B,"364SP0807X","Physician Assistants & Advanced Practice Nursing Providers : Clinical Nurse Specialist : Psych/Mental Health, Child & Adolescent","Definition to come...",0,Active,"",2003-11-04 10:21:16.177
212,"8883E160-9AD1-4A74-A583-9DD1B557314B","207RE0101X","Internal Medicine : Endocrinology, Diabetes and Metabolism","Definition: Definition to come.",0,Active,"",2003-11-04 10:21:14.817
715,"72EF58D8-25D4-4B3E-A282-9DFBDBFA5F69","111NP0017X",Chiropractor : Pediatric Chiropractor,"The Pediatric Chiropractor is a chiropractor with specialized, advanced training and certification in the evaluation, care and management of health and wellness conditions of infancy, childhood and adolescence.  This specialist provides primary, comprehensive, therapeutic and preventative chiropractic health care for newborns through adolescents.",0,Active,"",2008-04-16 11:26:00.000
320,"2F780F74-2C4A-4E1D-8A8C-9F5C68EB021A","2084V0102X",Psychiatry & Neurology : Vascular Neurology,"Definition: Definition to come.",0,Active,"",2003-11-04 10:21:15.097
437,"2EB6EBE5-02A9-437A-966C-9F6CBF899A54","246QH0600X","Technologists, Technicians & Other Technical Service Providers : Spec/Tech, Pathology : Histology","Definition to come...",0,Active,"",2003-11-04 10:21:15.440
1134,"94983470-6AEA-4BB2-A204-9FA3F91CDF70","3418M1120X","Military/U.S. Coast Guard Transport: Military or U.S. Coast Guard Ambulance, Air Transport",,0,"","",2009-09-08 13:42:59.440
156,"7162706D-826C-4283-823B-9FD28DA16751","1744P3200X",Other Service Providers : Specialist : Prosthetics Case Management,"Definition to come...",0,Active,"",2003-11-04 10:21:14.677
718,"2D78110D-C727-47D0-B318-A048F15AF110","1835P0018X",Pharmacist : Pharmacist Clinician (PhC)/ Clinical Pharmacy Specialist,"Pharmacist Clinician/Clinical Pharmacy Specialist is a pharmacist with additional training and an expanded scope of practice that may include prescriptive authority, therapeutic management, and disease management.",0,Active,"",2008-04-16 11:26:00.000
467,"6BD70DA1-7363-4803-AFE7-A053077AF11B","246ZN0300X","Technologists, Technicians & Other Technical Service Providers : Specialist/Technologist, Other : Nephrology","Definition to come...",0,Active,"",2003-11-04 10:21:15.533
328,C870C863-3857-4E1A-933E-A059FEA8F345,"2085R0204X",Radiology : Vascular & Interventional Radiology,"Definition to come...",0,Active,"",2003-11-04 10:21:15.130
548,A3B62204-A8B3-44FB-B480-A08219333850,"261QR0405X","Ambulatory Health Care Facilities : Clinic/Center : Rehabilitation, Substance Use Disorder","Definition to come...",0,Active,"",2003-11-04 10:21:15.783
694,"2609C9D3-AF81-4D97-8953-A1CA478CDA39","372600000X",Nursing Service Related Providers : Adult Companion,"Definition: An individual who provides supervision, socialization, and non-medical care to a functionally impaired adult.  Companions may assist or supervise the individual with such tasks as meal preparation, laundry and shopping, but do not perform these activities as discrete services.  These services are provided in accordance with a therapeutic goal in the plan of care.",1,Active,"",2003-11-04 10:21:16.253
420,"4817286E-CBEA-45BA-AE09-A2149257FAA0","2279P4000X","Respiratory, Rehabilitative & Restorative Service Providers : Respiratory Therapist, Registered : Patient Transport","Definition: Transport respiratory therapist provide patient assessment, initiation of treatment modalities and continued monitoring of patient status of the critically ill and injured patients with special attention to advanced airway and ventilator management.  The transport respiratory therapist knowledge and experience with complex neonatal, pediatric and adult patient care issues provides them with an expertise to assist with any patient care issue in a variety of transport modes.",0,Active,"",2003-11-04 10:21:15.393
1130,"9981990A-E647-4686-B9DC-A22C9E0FFF8B","332900000X",Non-Pharmacy Dispensing Site,,0,"","",2009-09-08 13:42:59.440
562,F6764EA5-2224-4D02-88D4-A276E5C0D270,"273Y00000X",Hospital Units : Rehabilitation Unit,"Definition: In general, a distinct unit of a general acute care hospital that provides care encompassing a comprehensive array of restoration services for the disabled and all support services necessary to help patients attain their maximum functional capacity.  Source: AHA Annual Survey p. A10 1996 AHA Guide.  For Medicare, a distinct part of a general acute care hospital providing inpatient rehabilitation services that meets the following requirements. Rehabilitation Units have in effect a preadmission screening procedure under which each prospective patients condition and medical history are reviewed to determine whether the patient is likely to benefit significantly from an intensive inpatient program or assessment; ensure that the patients receive close medical supervision and furnish, through the use of qualified personnel, rehabilitation nursing, physical therapy and occupational therapy, plus, as needed, speech therapy, social services or psychological services and orthotic and prosthetic services; have a plan of treatment for each inpatient that is established, reviewed, and revised as needed by a physician in consultation with other professional personnel who provide services to the patient; use a coordinated multidisciplinary team approach in the rehabilitation of each inpatient, as documented by periodic clinical entries made in the patients medical record to note the patients status in relationship to goal attainment , and that team conferences are held at least every two weeks to determine the appropriateness of treatment; have a director of rehabilitation who provides services to the unit and its inpatients for at least 20 hours a week, is a doctor of medicine or osteopathy, is licensed under State law to practice medicine or surgery, and has had, after completing a one-year hospital internship at least two years of training or experience in the medical management of inpatients requiring rehabilitation services.Source: Code of Federal Regulations #42, Section 412.29.",1,Active,"",2003-11-04 10:21:15.830
303,"1F141DB0-4E2C-48F8-A795-A29312EFB6F6","2083P0500X",Preventive Medicine : Preventive Medicine/Occupational Environmental Medicine,"Definition to come...",0,Active,"",2003-11-04 10:21:15.050
418,"0C14E715-3402-4333-8AB0-A2A715FA1FC8","2279P3800X","Respiratory, Rehabilitative & Restorative Service Providers : Respiratory Therapist, Registered : Palliative/Hospice","Definition: A coordinated plan of care to help dying patients and their families handle the burden of terminal care.  Effective secretion management and relief of dyspnea are paramount in caring for patients with end-stage pulmonary disease.",0,Active,"",2003-11-04 10:21:15.393
311,"90C364D5-8FD4-45A3-8B01-A36FFF653A24","2084N0402X",Psychiatry & Neurology : Neurology with Special Qualifications in Child Neurology,"Definition to come...",0,Active,"",2003-11-04 10:21:15.080
583,"9234D7CE-8CC7-408C-B490-A37A0D149830","293D00000X",Laboratories : Physiological Laboratory,"Definition: A laboratory that operates independently of a hospital and physicians office to furnish physiological diagnostic services (e.g. EEGs , EKGs, scans, etc.). Facilities offering ONLY physiological services are not certified as independent laboratories. If an independent laboratory offers physiological services IN ADDITION to clinical laboratory services, they are surveyed only for compliance with the clinical laboratory regulations because there are no health and safety regulations for physiological services.Source: Paraphrased from the Medicare Carrier Manual, Section 2070.5.",1,Active,"",2003-11-04 10:21:15.893
362,"26B99DA0-6D52-403D-8A36-A3FD6AD2AB2B","225100000X","Respiratory, Rehabilitative & Restorative Service Providers : Physical Therapist","Definition: (1) Physical therapists are health care professionals who evaluate and treat people with health problems resulting from injury or disease. PTs assess joint motion, muscle strength and endurance, function of heart and lungs, and performance of activities required in daily living, among other responsibilities. Treatment includes therapeutic exercises, cardiovascular endurance training, and training in activities of daily living. (2) A physical therapist is a person qualified by an accredited program in physical therapy, licensed by the state, and practicing within the scope of that license. Physical therapists treat disease, injury, or loss of a bodily part by physical means, such as the application of light, heat, cold, water, electricity, massage and exercise. They develop treatment plans based upon each patients strengths, weaknesses, range of motion and ability to function. (3) A health professional who specializes in physical therapy- the health care field concerned primarily with the treatment of disorders with physical agents and methods, such as massage, manipulation, therapeutic exercises, cold, heat (including short-wave, microwave, and ultrasonic diathermy), hydrotherapy, electric stimulation and light to assist in rehabilitating patients and in restoring normal function after an illness or injury.Source: (1) APTA Guidelines for Physical Therapy Claims Review, American Physical Therapy Association. (3) Lexikon: Dictionary of Health Care Terms, Organizations and Acronyms for the Era of Reform, Joint Commission on Accreditation of Healthcare Organizations, Oakbrook Terrace, IL: 1994, p. 612",1,Active,"",2003-11-04 10:21:15.223
20,E0194BE8-8F62-4E47-A093-A4079353DD33,"103TE1100X",Behavioral Health & Social Service Providers : Psychologist : Exercise & Sports,"Definition to come...",0,Active,"",2003-11-04 10:21:14.130
17,"5D464A5E-6112-482E-84AC-A41340C8797E","103TC1900X",Behavioral Health & Social Service Providers : Psychologist : Counseling,"Definition to come...",0,Active,"",2003-11-04 10:21:14.113
643,CBE2D46B-A58F-40E4-A7C0-A534171BF3D6,"363LF0000X",Physician Assistants & Advanced Practice Nursing Providers : Nurse Practitioner : Family,"Definition to come...",0,Active,"",2003-11-04 10:21:16.080
744,"6B7A732E-3FE8-40CB-9591-A541D1C42688","3336H0001X",Pharmacy : Home Infusion Therapy Pharmacy,"Pharmacy-based, decentralized patient care organization with expertise in USP 797-compliant sterile drug compounding that provides care to patients with acute or chronic conditions generally pertaining to parenteral administration of drugs, biologics and nutritional formulae administered through catheters and/or needles in home and alternate sites. Extensive professional pharmacy services, care coordination, infusion nursing services, supplies and equipment are provided to optimize efficacy and compliance.",0,Active,"",2008-04-16 11:26:00.000
498,CD65F685-5DCA-427F-8588-A56CEEEE29EE,"251V00000X",Agencies : Voluntary or Charitable,"Definition to come...",1,Active,"",2003-11-04 10:21:15.630
567,"4851BC41-2F02-444A-93A6-A5FAA6A7894B","282N00000X",Hospitals : General Acute Care Hospital,"Definition: An acute general hospital is an institution whose primary function is to provide inpatient diagnostic and therapeutic services for a variety of medical conditions, both surgical and non-surgical, to a wide population group. The hospital treats patients in an acute phase of illness or injury, characterized by a single episode or a fairly short duration, from which the patient returns to his or her normal or previous level of activity.",1,Active,"",2003-11-04 10:21:15.847
416,"9F97817C-2F11-40EF-BB4D-A61D4131626D","2279P1005X","Respiratory, Rehabilitative & Restorative Service Providers : Respiratory Therapist, Registered : Pulmonary Rehabilitation","Definition: The respiratory therapist can assist the chronic pulmonary patient in returning to an optimal role in society by providing an effective program.  It includes bronchopulmonary drainage, exercise therapy, and patient education.",0,Active,"",2003-11-04 10:21:15.393
430,"5D8045E4-5045-48EC-B49E-A63FEE04F470","237700000X","Speech, Language and Hearing Service Providers : Hearing Instrument Specialist","Definition: Individuals who test hearing for the selection, adaptation, fitting, adjusting, servicing, and sale of hearing aids. Hearing Instrument Specialist is a designation provided individuals who qualify by the National Hearing Aid Society",1,Active,"",2003-11-04 10:21:15.427
330,A359E831-1412-4F8E-8D68-A64B1CEF2ADD,"2085U0001X",Radiology : Diagnostic Ultrasound,"Definition to come...",0,Active,"",2003-11-04 10:21:15.130
291,"9BFB9779-5FD6-46B1-9B7B-A650423F6DDB","2080S0010X",Pediatrics : Sports Medicine,"Definition to come...",0,Active,"",2003-11-04 10:21:15.020
733,"75947496-123F-4059-A2A9-A65B229551CD","251X00000X",Supports Brokerage,"A provider of service/function that assists participating individuals to make informed decisions about what will work best for them is consistent with their needs and reflects their individual circumstances. Serving as the agent of the individual, the service is available to assist in identifying immediate and long-term needs, developing options to meet those needs and accessing identified supports and services and may include assistance with recruiting, screening, hiring, and training in-home support providers. A family or person-centered planning approach is used. Supports Brokerage offers practical skills training to enable families and individuals to remain independent. Examples of skills training include providing information on recruiting and hiring personal care workers, managing personal care workers and providing information on effective communication and problem solving. The service/function provides sufficient information to assure that individuals understand the responsibilities involved with self-direction and assist in the development of an effective back-up and emergency plan. Plans may elect to fulfill the requirement of this service/function using a self-directed case manager or creating a distinct service. The Supports Brokerage documents the need for assistive services, planning for and documenting the use of excess funds and locating and maintaining services.",1,Active,"",2008-04-16 11:26:00.000
171,"3BF29D17-3352-4318-A62A-A678FBBC94D3","1835P1200X",Pharmacy Service Providers : Pharmacist : Pharmacotherapy,"Definition to come...",0,Active,"",2003-11-04 10:21:14.723
666,"3667DC62-F2A1-4007-A826-A6D32285BFA8","364SH0200X",Physician Assistants & Advanced Practice Nursing Providers : Clinical Nurse Specialist : Home Health,"Definition to come...",0,Active,"",2003-11-04 10:21:16.160
172,"95351876-5DB2-4C33-BB70-A75327D1AC0C","1835P1300X",Pharmacy Service Providers : Pharmacist : Psychopharmacy,"Definition to come...",0,Active,"",2003-11-04 10:21:14.723
98,EAEA6DAF-03D3-4467-84AA-A7B4B39BB8A3,"163WC3500X",Nursing Service Providers : Registered Nurse : Cardiac Rehabilitation,"Definition to come...",0,Active,"",2003-11-04 10:21:14.300
60,E3A70BC9-9CAB-4417-9BD2-A893B4A6E96F,"132700000X",Dietary & Nutritional Service Providers : Dietary Manager,"Definition: A dietary manager is a trained food services professional who is charged with maintaining cost/profit objectives, purchasing foods and services for the department and supervising staff.. Dietary managers are trained to understand the basic nutritional needs of clients and work in partnership with dietitians, who offer specialized nutritional expertise. The CDM certified dietary manager designation is an advanced professional credential awarded to dietary managers who have completed specific course work, have passed the national credentialing exams (including a sanitation and safety exam) and have applied for certification.",1,Active,"",2003-11-04 10:21:14.207
310,F6C5F464-06FE-4D57-9184-A8A4A0C81554,"2084N0400X",Psychiatry & Neurology : Neurology,"Definition: Definition to come.",0,Active,NE,2003-11-04 10:21:15.080
609,FCD0C279-6DED-40D6-89F5-A8B1DB9220B4,"331L00000X",Suppliers : Blood Bank,"Definition: An institution (organization or distinct part thereof) that performs, or is responsible for the performance of, the collection, processing, storage and/or issuance of human blood and blood components, intended for transfusion. The institution may also collect, process, and/or distribute human tissue, including bone marrow and peripheral blood progenitor cells, intended for transplantation.Source: American Association of Blood Banks, Standards for Blood Banks and Tranfusion, 17th ed.",1,Active,"",2003-11-04 10:21:15.973
105,"0CED3269-1A2C-464E-B61F-A94857D16F38","163WG0100X",Nursing Service Providers : Registered Nurse : Gastroenterology,"Definition to come...",0,Active,"",2003-11-04 10:21:14.317
381,C9365FED-5AB5-4CD8-854C-A963357AF99D,"225A00000X","Respiratory, Rehabilitative & Restorative Service Providers : Music Therapist","Definition: The music therapist works with patients with a broad variety of diagnoses and therapeutic goals. The interventions may involve musical performance with instruments, voice or body movements; listening to music; or attending musical events.Source: Joel A. DeLisa and Bruce M. Gans, Rehabilitation Medicine: Principles and Practice Second Edition, J.B. Lippincott Company, Philadelphia: 1993, p. 9-11",1,Active,"",2003-11-04 10:21:15.283
249,"1305C412-E17E-4836-BA60-A972C4CFE0C1","207XS0117X",Orthopaedic Surgery : Orthopaedic Surgery of the Spine,"Definition to come...",0,Active,"",2003-11-04 10:21:14.910
632,EBD9F535-E2DC-4BD4-BD54-A9E8D64CD507,"347C00000X",Transportation Services : Private Vehicle,"Definition: An individual paid to provide non-emergency transportation using their privately owned/leased vehicle.",1,Active,"",2003-11-04 10:21:16.050
1123,CD85E268-A31A-4387-9BE3-AA214A606410,"222Q00000X",Developmental Therapist,,0,"","",2009-09-08 13:42:59.440
573,"753A71F9-66B0-496B-BFDA-AAB2FC785B7F","283X00000X",Hospitals : Rehabilitation Hospital,"Definition: A hospital or facility that provides health-related, social and/or vocational services to disabled persons to help them attain their maximum functional capacity.Source: Joint Commission on Accreditation of Healthcare Organizations, Lexikon: Dictionary of Health Care Terms, Organizations and Acronyms for the Era of Reform, Oakbrook Terrace, IL: 1994, p. 323",1,Active,"",2003-11-04 10:21:15.863
340,"9CD1E739-AFC7-4538-9446-AB3C494EE3F9","208C00000X",Colon & Rectal Surgery,"Definition to come...",1,Active,CRS,2003-11-04 10:21:15.160
412,D0382A5D-C6D2-48B7-B0AD-AC344B541EB0,"2279G0305X","Respiratory, Rehabilitative & Restorative Service Providers : Respiratory Therapist, Registered : Geriatric Care","Definition: Care of older patients who have age and/or disease related decremental pulmonary changes.  Diagnosis and treatment is very important for this group since chronic lung disease is the major cause of morbidity and mortality among them.  Furthermore, as this segment of the population increases, life expectancy is being extended.",0,Active,"",2003-11-04 10:21:15.380
282,"0F51DE91-128C-4C77-A823-AC79AAC83533","2080P0203X",Pediatrics : Pediatric Critical Care Medicine,"Definition: Pediatric Critical Care Medicine focuses on advanced life support for children from term or near term neonate to the adolescent.  These physicians are concerned with the critical care management of life-threatening organ system failure from any cause in both medical and surgical patients and to the support of vital physiological functions.  They also coordinate the multitude of health care plans prescribed for the patient by other involved physicians.  In addition, they coordinate and order the priority of health care services provided by the Intensive Care Unit.ACGME Accredited Residency Program Requirements:  2 years of training with 3 years Pediatrics plus 1 year Pediatric Critical Care for certification for a total of 6 years.  ABMS Approved Subspecialty Certificate (Pediatrics)",0,Active,"",2003-11-04 10:21:15.003
318,D7035DEB-C792-4E89-8BD3-ACFBB9B3FD93,"2084P2900X",Psychiatry & Neurology : Pain Medicine,"Definition: A psychiatrist, neurologist, or child neurologist who provides a high level of care, either as a primary physician or consultant, for patients experiencing problems with acute, chronic or cancer pain in both hospital and ambulatory settings. A subspecialty certificate was approved by ABMS in 1998.  ACGME Accredited Residency Program Requirements:  None.",0,Active,"",2003-11-04 10:21:15.097
113,D195A797-900A-4EE0-8C4A-AD739A9F7B30,"163WM0102X",Nursing Service Providers : Registered Nurse : Maternal Newborn,"Definition to come...",0,Active,"",2003-11-04 10:21:14.330
86,"2105130A-1BE4-4FEF-A9AC-AD94B84693B3","156FX1700X",Eye and Vision Services Providers : Technician/Technologist : Ocularist,"Definition to come...",0,Active,"",2003-11-04 10:21:14.270
46,"494E5836-E507-4C36-AEE5-AE4E8280A8C5","1223D0001X",Dental Providers : Dentist : Dental Public Health,"Definition: The science and art of preventing and controlling dental diseases and promoting dental health through organized community efforts.  It is that form of dental practice that serves the community as a patient rather than the individual.  It is concerned with the dental health education of the public, with applied dental research, and with the administration of group dental care programs as well as the prevention and control of dental diseases on a community basis.Source: Council on Dental Education and Licensure, American Dental Association",0,Active,"",2003-11-04 10:21:14.177
545,"497A1851-1F6B-4EED-911C-AE6F327EE37C","261QR0400X",Ambulatory Health Care Facilities : Clinic/Center : Rehabilitation,"Definition to come...",0,Active,"",2003-11-04 10:21:15.770
1098,ED944F45-B2E1-4C10-980D-AE8F877DE785,"171R00000X",Interpreter,,0,"","",2009-09-08 13:42:59.440
465,"75665A15-F30B-4FBC-A9F1-AEA243D954E5","246ZG1000X","Technologists, Technicians & Other Technical Service Providers : Specialist/Technologist, Other : Geneticist, Medical (PhD)","Definition to come...",0,Active,"",2003-11-04 10:21:15.533
166,"982A2EF6-531C-4C08-B35C-AF78C3ED2DB3","177F00000X",Other Service Providers : Lodging,"Definition: A public or privately owned facility providing overnight lodging to individuals traveling long distances or receiving prolonged outpatient medical services away from home.",1,Active,"",2003-11-04 10:21:14.707
326,A4758283-5371-4242-8451-AF986967C983,"2085R0202X",Radiology : Diagnostic Radiology,"Definition: Definition to come.",0,Active,RAD,2003-11-04 10:21:15.130
4,"19FD37E0-8AB8-4E9A-AAD0-B0741B1DF2FF","101Y00000X",Behavioral Health & Social Service Providers : Counselor,"Definition: A provider who is trained and educated in the performance of behavior health services through interpersonal communications and analysis. Training and education at the specialty level usually requires a masters degree and clinical experience and supervision for licensure or certification.Sources: Abridged from definitions provided by the National Board of Certified Counselors and the American Association of Pastoral Counselors.",1,Active,LPC,2003-11-04 10:21:14.080
767,C72109B7-256F-45B2-94A1-B09A27B84E9D,"207RH0002X",Internal Medicine : Hospice and Palliative Medicine,"An internal medicine physician with special knowledge and skills to prevent and relieve the suffering experienced by patients with life-limiting illnesses. This specialist works with an interdisciplinary hospice or palliative care team to maximize quality of life while addressing physical, psychological, social and spiritual needs of both patient and family throughout the course of the disease, through the dying process, and beyond for the family.  This specialist has expertise in the assessment of patients with advanced disease; the relief of distressing symptoms; the coordination of interdisciplinary patient and family-centered care in diverse venues; the use of specialized care systems including hospice; the management of the imminently dying patient; and legal and ethical decision making in end-of-life care.",0,Active,"",2008-07-15 14:34:00.000
630,F2C89714-5C17-4323-B01D-B0CDB8A5A7B1,"344600000X",Transportation Services : Taxi,"Definition: A land commercial vehicle used for the transporting of persons in non-emergency situations. The vehicle meets local, county or state regulations set forth by the jurisdictions where it is located.",1,Active,"",2003-11-04 10:21:16.050
232,D6F34A98-D3F5-489C-AF5E-B2588005B91D,"207SM0001X",Medical Genetics : Molecular Genetic Pathology,"Definition: Molecular Genetic Pathology is a subspecialty of Medical Genetics.  A molecular genetic pathologist is an expert in the principles, theory, and technologies of molecular biology and molecular genetics.  This expertise is used to make or confirm diagnoses of Mendelian genetic disorders, of human development, infectious diseases and malignancies, and to assess the natural history of those disorders.  A molecular genetic pathologist provides information about gene structure, function, and alteration and applies laboratory techniques for diagnosis, treatment, and prognosis for individuals with related disorders.A subspecialty certificate for MGG was approved by the ABMS in 1999. ACGME Accredited Residency Program Requirements:  Proposal under development.",0,Active,"",2003-11-04 10:21:14.880
561,"926A7B44-22CC-4CF2-9D20-B2ACB639A390","273R00000X",Hospital Units : Psychiatric Unit,"Definition: In general, a distinct unit of a hospital that provides acute or long-term care to emotionally disturbed patients, including patients admitted for diagnosis and those admitted for treatment of psychiatric problems on the basis of physicians?orders and approved nursing care plans. Long-term care may include intensive supervision to the chronically mentally ill, mentally disordered or other mentally incompetent persons; (2) For Medicare, a distinct part of a general acute care hospital admitting only patients whose admission to the unit is required for active treatment, whose treatment is of an intensity that can be provided only in an inpatient hospital setting, and whose condition is described by a psychiatric principal diagnosis contained in the Third Edition of the American Psychiatric Association Diagnostic and Statistical Manual or in Chapter 5 (Mental Disorders) of the International Classification of Diseases, Ninth Revision, Clinical Modification (ICD-9-CM). The unit must furnish, through the use of qualified personnel, psychological services, social work services, psychiatric nursing, occupational therapy, and recreational therapy. The unit must maintain medical records that permit determination of the degree and intensity of treatment provided to individuals who are furnished services in the unit; the unit must meet special staff requirements in that the unit must have adequate numbers of qualified professional and supportive staff to evaluate inpatients, formulate written, individualized, comprehensive treatment plans, provide active treatment measures and engage in discharge planning.Source: (1) AHA Annual Survey p. A10 1996 AHA Guide; (2) Code of Federal Regulations #42, Section 412.27.",1,Active,"",2003-11-04 10:21:15.830
85,C6609A09-791B-48AA-BA3F-B2FC0F86369B,"156FX1202X",Eye and Vision Services Providers : Technician/Technologist : Optometric Technician,"Definition to come...",0,Active,"",2003-11-04 10:21:14.270
534,D9D82696-D9D9-4256-91A2-B3611FA06A3E,"261QP0904X","Ambulatory Health Care Facilities : Clinic/Center : Public Health, Federal","Definition to come...",0,Active,"",2003-11-04 10:21:15.737
193,"3F2501DE-7045-47AF-B6BB-B38E1306A7A6","207P00000X",Emergency Medicine,"Definition to come...",1,Active,EMD,2003-11-04 10:21:14.770
366,"1A6499DA-9B06-45D5-A6F0-B3DEE3C15E98","2251G0304X","Respiratory, Rehabilitative & Restorative Service Providers : Physical Therapist : Geriatrics","Definition to come...",0,Active,"",2003-11-04 10:21:15.237
286,FF1D873D-A5A1-425E-8DC2-B41A0FD278FC,"2080P0207X",Pediatrics : Pediatric Hematology-Oncology,"Definition to come...",0,Active,"",2003-11-04 10:21:15.020
558,"9D398221-20F3-4922-AD69-B48C3332899C","261QX0100X",Ambulatory Health Care Facilities : Clinic/Center : Occupational Medicine,"Definition to come...",0,Active,"",2003-11-04 10:21:15.817
304,"90FB17BF-0FD6-4450-A22B-B59C25BDC6A0","2083P0901X",Preventive Medicine : Public Health & General Preventive Medicine,"Definition to come...",0,Active,PHG,2003-11-04 10:21:15.067
154,"5311FCEE-0F88-474C-BB82-B5B2FED7C637","174400000X",Other Service Providers : Specialist,"Definition: An individual educated and trained in an applied knowledge discipline used in the performance of work at a level requiring knowledge and skills beyond or apart from that provided by a general education or liberal arts degree.Source: Expanded from Websters II New Riverside University Dictionary, Boston: Riverside Publishing Company, 1974.",1,Active,"",2003-11-04 10:21:14.677
230,DF4F839D-AD9B-4B00-8630-B5FCBFBE3489,"207SG0203X",Medical Genetics : Clinical Molecular Genetics,"Definition to come...",0,Active,CMG,2003-11-04 10:21:14.863
668,E428ED5D-F4EC-4222-AA9F-B60906B93425,"364SI0800X",Physician Assistants & Advanced Practice Nursing Providers : Clinical Nurse Specialist : Informatics,"Definition to come...",0,Active,"",2003-11-04 10:21:16.160
114,"753A44C2-C584-48ED-A47F-B69266082110","163WM0705X",Nursing Service Providers : Registered Nurse : Medical-Surgical,"Definition to come...",0,Active,"",2003-11-04 10:21:14.330
182,"22FDF627-D757-48A0-B9A9-B710C8D997AB","207KI0005X",Allergy & Immunology : Clinical & Laboratory Immunology,"Definition to come...",0,Active,"",2003-11-04 10:21:14.737
313,C8519977-DA0B-4998-8355-B79C2F99A05B,"2084P0005X",Psychiatry & Neurology : Neurodevelopmental Disabilities,"Definition: Neurodevelopmental Disabilities is a subspecialty of Psychiatry and Neurology.  A pediatrician or neurogist who specializes in the diagnosis and management of chronic conditions that affect the developing and mature nervous system such as cerebral pals, mental retardation, and chronic behavioral syndromes, or neurologic conditions. A subspecialty certificate for NDN was approved by the ABMS in 1999.    ACGME Accredited Residency Program Requirements:  Ongoing early discussions regarding proposal.",0,Active,"",2003-11-04 10:21:15.080
763,BED301A4-6BD9-4F44-9E29-B7E85C6E88B3,"207QS1201X",Family Medicine : Sleep Medicine,"A Family Medicine Physician who practices Sleep Medicine is certified in the subspecialty of sleep medicine and specializes in the clinical assessment, physiologic testing, diagnosis, management and prevention of sleep and circadian rhythm disorders. Sleep specialists treat patients of any age and use multidisciplinary approaches. Disorders managed by sleep specialists include, but are not limited to, sleep related breathing disorders, insomnia, hypersomnias, circadian rhythm sleep disorders, parasomnias and sleep related movement disorders.",0,Active,"",2008-07-08 09:36:00.000
621,"3613C0C6-75EA-449F-B519-B840E0919085","335E00000X",Suppliers : Prosthetic/Orthotic Supplier,"Definition: An organization which supplies or vends orthopedic appliances or apparatuses and artificial body parts used to support, align, prevent, or correct deformities or to replace or improve function of body parts.",1,Active,"",2003-11-04 10:21:16.020
97,A554C681-5651-4A24-8C92-B8D3D66E071A,"163WC2100X",Nursing Service Providers : Registered Nurse : Continence Care,"Definition to come...",0,Active,"",2003-11-04 10:21:14.300
349,D5764DBA-0E16-4D45-9798-B913449BF714,"213E00000X",Podiatric Medicine & Surgery Service Providers : Podiatrist,"Definition: A podiatrist is a person qualified by a Doctor of Podiatric Medicine (D.P.M.) degree, licensed by the state, and practicing within the scope of that license. Podiatrists diagnose and treat foot diseases and deformities. They perform medical, surgical and other operative procedures, prescribe corrective devices and prescribe and administer drugs and physical therapy.",1,Active,POD,2003-11-04 10:21:15.190
371,"70B76BFE-653B-4A93-B3A1-B945516626B6","2251S0007X","Respiratory, Rehabilitative & Restorative Service Providers : Physical Therapist : Sports","Definition to come...",0,Active,"",2003-11-04 10:21:15.253
134,"6730E982-ED10-4223-BBF7-B99EA7B083B6","163WW0000X",Nursing Service Providers : Registered Nurse : Wound Care,"Definition to come...",0,Active,"",2003-11-04 10:21:14.613
434,C42DEB0C-E96F-439A-9F96-B9BAB879B0B9,"246QC2700X","Technologists, Technicians & Other Technical Service Providers : Spec/Tech, Pathology : Cytotechnology","Definition to come...",0,Active,"",2003-11-04 10:21:15.440
218,"95CB6BEC-D929-4E74-8DEF-BAE9778331B0","207RI0008X",Internal Medicine : Hepatology,"Definition: The discipline of Hepatology encompasses the structure, function, and diseases of the liver and biliary tract. The American Board of Internal Medicine considers Hepatology part of the subspecialty of gastroenterology. Physicians who identify themselves as Hepatologists usually, but not always, have been trained in gastrointestinal programs.Training Programs, and/or Fellowships, Preceptorships: The American Association for the Study of Liver Diseases (AASLD) is the major professional society organized for physicians with an interest in Hepatology. A subcommittee of that organization has published guielines for training programs in the 1992 November issue of Hepatology. Source: The American Board of Internal Medicine 9/1993  ACGME Accredited Residency Program Requirements:  None ",0,Active,"",2003-11-04 10:21:14.830
700,"0C46A101-6F47-453D-9480-BB07D02125C7","374U00000X",Nursing Service Related Providers : Home Health Aide,"Definition: A person trained to assist public health nurses, home health nurses, and other health professionals in the bedside care of patients in their homes.Source: Rhea, Ott, and Shafritz, The Facts On File Dictionary of Health Care Management, New York: Facts On File Publications, 1988.",1,Active,"",2003-11-04 10:21:16.283
566,"93CDE77B-ABE6-4CA9-AC6D-BB947D9EEC37","281PC2000X",Hospitals : Chronic Disease Hospital : Children,"Definition to come...",0,Active,"",2003-11-04 10:21:15.847
204,DED0986E-0BDA-4333-958D-BBAAE47B5B19,"207QS0010X",Family Medicine : Sports Medicine,"A family medicine physician that is trained to be responsible for continuous care in the field of sports medicine, not only for the enhancement of health and fitness, but also for the prevention of injury and illness. A sports medicine physician must have knowledge and experience in the promotion of wellness and the prevention of injury. Knowledge about special areas of medicine such as exercise physiology, biomechanics, nutrition, psychology, physical rehabilitation, epidemiology, physical evaluation, injuries (treatment and prevention and referral practice) and the role of exercise in promoting a healthy lifestyle are essential to the practice of sports medicine. The sports medicine physician requires special education to provide the knowledge to improve the health care of the individual engaged in physical exercise (sports) whether as an individual or in team participation.",0,Active,"",2003-11-04 10:21:14.800
533,"285FBB11-541A-4C3C-B544-BBF1E52DB30E","261QM3000X",Ambulatory Health Care Facilities : Clinic/Center : Medically Fragile Intants and Children Day Care,"Definition: An entity, facility, or distinct part of a facility specially equipped and staffed to provide care for medically fragile children with varied and complex care needs (e.g., enteral or parental feeding, ostomy care, respiratory/ventilator care, medications and therapies, etc.).",0,Active,"",2003-11-04 10:21:15.737
24,"93DAE690-45E3-4307-99CB-BBF916FBF733","103TM1700X",Behavioral Health & Social Service Providers : Psychologist : Men & Masculinity,"Definition to come...",0,Active,"",2003-11-04 10:21:14.130
168,"00ABC2E1-26A4-4C27-B0B7-BC8CB4DE05DC","1835G0000X",Pharmacy Service Providers : Pharmacist : General Practice,"Definition to come...",0,Active,"",2003-11-04 10:21:14.707
479,"3172F454-8490-450A-B4D8-BCAB56BF9A76","2471N0900X","Technologists, Technicians & Other Technical Service Providers : Radiologic Technologist : Nuclear Medicine Technology","Definition: Definition to come.",0,Active,"",2003-11-04 10:21:15.567
104,"0BE9099A-7BB5-46ED-B18F-BCC10C0A856A","163WG0000X",Nursing Service Providers : Registered Nurse : General Practice,"Definition to come...",0,Active,"",2003-11-04 10:21:14.317
466,"58F35BE3-B88E-4C98-B586-BCC195EF74C3","246ZI1000X","Technologists, Technicians & Other Technical Service Providers : Specialist/Technologist, Other : Illustration, Medical","Definition to come...",0,Active,"",2003-11-04 10:21:15.533
460,"1EF97004-E78C-4601-958E-BD0B1A6D664F","246ZB0500X","Technologists, Technicians & Other Technical Service Providers : Specialist/Technologist, Other : Biochemist","Definition to come...",0,Active,"",2003-11-04 10:21:15.520
1095,A6A1BE3D-88C6-42C7-8009-BD5703A747EE,"1710I1002X",Military Health Care Provider: Independent Duty Corpsman,,0,"","",2009-09-08 13:42:59.440
702,C55BD276-1A52-43F3-82CD-BDB9C9ED7E6D,"376J00000X",Nursing Service Related Providers : Homemaker,"Definition: An individual who provides general household activities such as meal preparation, laundry, and light housekeeping, when the individual regularly responsible for these activities is temporarily absent or unable to provide for himself.  Homemakers must meet the state defined training standards.Revision: Added definition 7/1/03",1,Active,"",2003-11-04 10:21:16.283
30,F2C87B4D-09C7-447A-9B5A-BE0BD3A35224,"103TS0200X",Behavioral Health & Social Service Providers : Psychologist : School,"Definition to come...",0,Active,"",2003-11-04 10:21:14.143
565,"4B1439F3-FFDE-4DB0-827B-BE2D0712DB2C","281P00000X",Hospitals : Chronic Disease Hospital,"Definition: (1) A hospital including a physical plant and personnel that provides multidisciplinary diagnosis and treatment for diseases that have one or more of the following characteristics: is permanent; leaves residual disability; is caused by nonreversible pathological alteration; requires special training of the patient for rehabilitation; and/or may be expected to require a long period of supervision or care. In addition, patients require the safety, security, and shelter of these specialized inpatient or partial hospitalization settings. (2) A hospital that provides medical and skilled nursing services to patients with long-term illnesses who are not in an acute phase but who require an intensity of services not available in nursing homes.Source: (1) Expanded from Rhea, Ott, and Shafritz, The Facts On File Dictionary of Health Care Management, New York: Facts On File Publications, 1988.",1,Active,"",2003-11-04 10:21:15.830
662,E32DEA93-87BD-4668-B76C-BE740C25A6CC,"364SE0003X",Physician Assistants & Advanced Practice Nursing Providers : Clinical Nurse Specialist : Emergency,"Definition to come...",0,Active,"",2003-11-04 10:21:16.143
453,"8C33F5E3-649D-4D29-8DAF-BEAF337CCE83","246YC3301X","Technologists, Technicians & Other Technical Service Providers : Spec/Tech, Health Info : Coding Specialist, Hospital Based","Definition to come...",0,Active,"",2003-11-04 10:21:15.487
8,D3E2DDD5-0ED5-4378-AF6F-BEBD533857B1,"101YP2500X",Behavioral Health & Social Service Providers : Counselor : Professional,"Definition to come...",0,Active,"",2003-11-04 10:21:14.097
44,"4CAF1021-F0CE-431B-890F-BF3164875677","111NX0800X",Chiropractic Providers : Chiropractor : Orthopedic,"Definition to come...",0,Active,"",2003-11-04 10:21:14.177
321,"78DD2448-6760-4BD5-B1B1-BF3C938B8315","2085B0100X",Radiology : Body Imaging,"Definition to come...",0,Active,"",2003-11-04 10:21:15.097
722,"134EE417-D4F6-4032-93E0-C091474B1C24","207RT0003X",Internal Medicine : Transplant Hepatology,An internist with special knowledge and the skill required of a gastroenterologist to care for patients prior to and following hepatic transplantation that spans all phases of liver transplantation. Selection of appropriate recipients requires assessment by a team having experience in evaluating the severity and prognosis of patients with liver disease.,0,Active,"",2008-04-16 11:26:00.000
201,C16CEAAB-BA0D-4C4E-946C-C0A200C7CE37,"207QA0401X",Family Medicine : Addiction Medicine,"Definition to come...",0,Active,"",2003-11-04 10:21:14.800
510,CC83B39F-38A4-4FC5-94F1-C0E0CA8495B0,"261QD0000X",Ambulatory Health Care Facilities : Clinic/Center : Dental,"Definition to come...",0,Active,"",2003-11-04 10:21:15.660
544,D2A43C3A-18A4-4242-8B68-C12518D073D3,"261QR0208X","Ambulatory Health Care Facilities : Clinic/Center : Radiology, Mobile","Definition to come...",0,Active,"",2003-11-04 10:21:15.770
456,DCD49F6A-5DC3-479B-A495-C12DA26FF53B,"246Z00000X","Technologists, Technicians & Other Technical Service Providers : Specialist/Technologist, Other","Definition: General classification identifying individuals trained on specific equipment and technical procedures in one of a collection of miscellaneous healthcare disciplines.",1,Active,POL,2003-11-04 10:21:15.503
195,"6F964FC5-0C9C-4DC4-809F-C1334035F8C1","207PE0005X",Emergency Medicine : Undersea and Hyperbaric Medicine,"Definition: A specialist who treats decompression illness and diving accident cases and uses hyperbaric oxygen therapy to treat such conditions as carbon monoxide poisoning, gas gangrene, non-healing wounds, tissue damage from radiation and burns, and bone infections.  This specialist also serves as a consultant to other physicians in all aspects of hyperbaric chamber operations, and assesses risks and applies appropriate standards to prevent disease and disability in divers and other persons working in altered atmospheric conditions.A subspecialty certificate was approved by ABMS in 2000.  ACGME Accredited Residency Program Requirements:  None",0,Active,"",2003-11-04 10:21:14.783
575,"803E3EAE-5CFE-43BB-8E5E-C13D88A7BEDF","284300000X",Hospitals : Special Hospital,"Definition: A designation by the AHA of a hospital whose primary function of the institution is to provide diagnostic and treatment services for patients who have specified medical conditions, both surgical and nonsurgical.Source: AHA Guide, Registration section, p. A5.",1,Active,"",2003-11-04 10:21:15.863
370,"21F1BCF6-6B09-4340-ADD1-C14E15D0E00C","2251P0200X","Respiratory, Rehabilitative & Restorative Service Providers : Physical Therapist : Pediatrics","Definition to come...",0,Active,"",2003-11-04 10:21:15.253
219,F88FB837-ABF0-4FD6-A52F-C184DC2E2CA2,"207RI0011X",Internal Medicine : Interventional Cardiology,"Definition: Interventional Cardiology is a field within Cardiology.  Interventional Cardiology involves the use of specialized imaging and other diagnostic techniques to evaluate blood flow and pressure in the coronary arteries and chambers of the heart and the use of technical procedures and medications to treat abnormalities that impair the function of the heart.  Therapeutic interventional cardiac procedures are performed in special clinics or hospital-based laboratories.ACGME Accredited Residency Program Requirements:  1 year of training plus a prerequisite of 3 years Internal Medicine, 3 years Cardiovascular Disease for a total of 7 years. ABMS Approved Subspecialty Certificate  (Internal Medicine)",0,Active,"",2003-11-04 10:21:14.830
574,A00E6EAF-B175-4916-8CCC-C19D470BE2C5,"283XC2000X",Hospitals : Rehabilitation Hospital : Children,"Definition to come...",0,Active,"",2003-11-04 10:21:15.863
550,"472A15F4-4CE5-4885-A6F8-C1E94A8EA018","261QR1100X",Ambulatory Health Care Facilities : Clinic/Center : Research,"Definition to come...",0,Active,"",2003-11-04 10:21:15.783
23,FF957A75-BF04-4D4D-BD7E-C215A1F68152,"103TH0100X",Behavioral Health & Social Service Providers : Psychologist : Health,"Definition to come...",0,Active,"",2003-11-04 10:21:14.130
519,"334746B2-6774-46D1-9522-C32C1A71AEA3","261QH0700X",Ambulatory Health Care Facilities : Clinic/Center : Hearing and Speech,"Definition: An entity, facility, or distinct part of a facility providing diagnostic, treatment, prescriptive, and therapy services related to congenital and acquired conditions and diseases that affect hearing capacity and speech ability.",0,Active,"",2003-11-04 10:21:15.690
109,AE4C0DA2-C6CF-45E0-A975-C384923DE89A,"163WH1000X",Nursing Service Providers : Registered Nurse : Hospice,"Definition to come...",0,Active,"",2003-11-04 10:21:14.330
329,A61D4944-C212-484F-A96C-C3A2D916C24B,"2085R0205X",Radiology : Radiological Physics,"Definition: Definition to come.",0,Active,"",2003-11-04 10:21:15.130
719,B986F1BB-B5C9-4853-AD64-C3B40905427E,"1835X0200X",Pharmacist : Oncology,"A licensed pharmacist who has demonstrated specialized knowledge and skill in developing, recommending, implementing, monitoring, and modifying pharmacotherapeutic plans to optimize outcomes in patients with malignant diseases.",0,Active,"",2008-04-16 11:26:00.000
748,BF210E4E-3AA2-43EE-BC38-C3D6509775EC,"3336M0003X",Pharmacy : Managed Care Organization Pharmacy,A pharmacy owned by a managed care organization (MCO) used by pharmacists for the compounding and dispensing of medicinal preparations to that MCO? covered members only.,0,Active,"",2008-04-16 11:26:00.000
200,E2BF1AE8-594E-4C3E-967A-C3DE991DEDD5,"207QA0000X",Family Medicine : Adolescent Medicine,"A family medicine physician with multidisciplinary training in the unique physical, psychological and social characteristics of adolescents and their health care problems and needs.",0,Active,"",2003-11-04 10:21:14.783
408,"8AF55063-28DF-42AA-97A7-C3FE3EE72A00","227900000X","Respiratory, Rehabilitative & Restorative Service Providers : Respiratory Therapist, Registered","Definition: A Registered Respiratory Therapist (RRT) is an advanced therapist who has passed standardized written and clinical simulation examinations administered by the National Board for Respiratory Care (NBRC).  In addition, to the certified therapist (CRT) entry level skills, RRTs have advanced education and training in patient assessment, in the development and modification of patient care plans, and in assuring the appropriate utilization of respiratory care resources.  An RRT is a graduate of an associate or baccalaureate degree producing educational programs approved by the Commission on Accreditation of Allied Health Education Programs (CAAHEP) and where applicable, is licensed by the state and is practicing within the scope of that license.",1,Active,"",2003-11-04 10:21:15.363
461,"2A471307-B78B-4656-9A95-C55E928CBF81","246ZB0600X","Technologists, Technicians & Other Technical Service Providers : Specialist/Technologist, Other : Biostatistician","Definition to come...",0,Active,"",2003-11-04 10:21:15.520
56,"58326601-F681-49FF-A615-C58BDA75E3DC","122400000X",Dental Providers : Denturist,"Definition: Definition to come.",1,Active,"",2003-11-04 10:21:14.207
667,A168DF93-6F87-40E3-BA21-C6977D0932DC,"364SH1100X",Physician Assistants & Advanced Practice Nursing Providers : Clinical Nurse Specialist : Holistic,"Definition to come...",0,Active,"",2003-11-04 10:21:16.160
54,"780067FE-28CD-4737-9034-C6A8E918E656","1223X0008X",Dental Providers : Dentist : Oral and Maxillofacial Radiology,"Definition: The specialty of dentistry and discipline of radiology concerned with the production and interpretation of images and data produced by all modalities of radiant energy that are used for the diagnosis and management of diseases, disorders and conditions of the oral and maxillofacial region.Source: Council on Dental Education and Licensure, American Dental Association",0,Active,"",2003-11-04 10:21:14.207
247,"7E074CD4-32AB-403F-ACB7-C6D5DCFF35BF","207XS0106X",Orthopaedic Surgery : Surgery of the Hand,"Definition to come...
",0,Active,"",2003-11-04 10:21:14.910
765,CAD0F5FF-E684-42F1-A75F-C6E0848BBC15,"243U00000X",Radiology Practitioner Assistant,"A Radiology Practitioner Assistant (RPA) is a health professional certified as a registered radiographer with the American Registry of Radiologic Technologists (ARRT) and, in addition, is credentialed to provide primary radiology health care with radiologist supervision. Radiology Practitioner Assistants are qualified by graduation from an educational program recognized by the Board of Directors of athe Certification Board for Radiology Practitioner Assistants (CBRPA) and certified by the CBRPA. Within the Radiologist/RPA relationship, Radiology Practitioner Assistants exercise autonomy in decision making in the role of a primary caregiver with regard to patient assessment, patient management and in providing a broad range of radiology diagnostic and interventional services. The clinical role of the Radiology Practitioner Assistant includes primary and specialty care in radiology practice settings in rural and urban areas.",1,Active,"",2008-07-08 09:36:00.000
741,"1888EA34-1F75-4EB5-A3E4-C6EDCD09CA22","3336C0002X",Pharmacy : Clinic Pharmacy,"A pharmacy in a clinic, emergency room or hospital (outpatient) that dispenses medications to patients for self-administration under the supervision of a pharmacist.",0,Active,"",2008-04-16 11:26:00.000
51,"70834140-EA8C-49C5-8C44-C7108D4677BD","1223P0300X",Dental Providers : Dentist : Periodontics,"Definition: That specialty of dentistry which encompasses the prevention, diagnosis and treatment of diseases of the supporting and surrounding tissues of the teeth or their substitutes and the maintenance of the health, function and esthetics of these structures and tissues.Source: Council on Dental Education and Licensure, American Dental Association",0,Active,"",2003-11-04 10:21:14.190
523,"92410A49-B0D2-4545-A456-C715260821DB","261QM0850X",Ambulatory Health Care Facilities : Clinic/Center : Adult Mental Health,"Definition: An entity, facility, or distinct part of a facility providing diagnostic, treatment, and prescriptive services related to mental and behavioral disorders in adults.",0,Active,"",2003-11-04 10:21:15.707
272,"80E45AEE-CE27-47BC-8768-C755764F11BB","207ZP0105X",Pathology : Clinical Pathology/Laboratory Medicine,"Definition to come...",0,Active,PAT,2003-11-04 10:21:14.973
5,"7F633BB5-A2F5-4F27-A89B-C7BC6F1EA76E","101YA0400X",Behavioral Health & Social Service Providers : Counselor : Addiction (Substance Use Disorder),"Definition to come...",0,Active,"",2003-11-04 10:21:14.080
458,"39866CA9-BA7A-4C76-AD67-C7E18658C714","246ZB0301X","Technologists, Technicians & Other Technical Service Providers : Specialist/Technologist, Other : Biomedical Engineering","Definition to come...",0,Active,"",2003-11-04 10:21:15.503
380,"40985648-06F3-4566-A85A-C8299E5C27E9","225800000X","Respiratory, Rehabilitative & Restorative Service Providers : Recreation Therapist","Definition: A recreation therapist uses recreational activities for intervention in some physical, social or emotional behavior to bring about a desired change in that behavior and promote the growth and development of the patient.Source: Joel A. DeLisa and Bruce M. Gans, Rehabilitation Medicine: Principles and Practice Second Edition, J.B. Lippincott Company, Philadelphia: 1993, p. 7",1,Active,"",2003-11-04 10:21:15.283
742,"8C60F6F0-2088-4625-9B4D-C83713955811","3336C0003X",Pharmacy : Community/Retail Pharmacy,"A pharmacy where pharmacists store, prepare, and dispense medicinal preparations and/or prescriptions for a local patient population in accordance with federal and state law; counsel patients and caregivers (sometimes independent of the dispensing process); administer vaccinations; and provide other professional services associated with pharmaceutical care such as health screenings, consultative services with other health care providers, collaborative practice, disease state management, and education classes.",0,Active,"",2008-04-16 11:26:00.000
495,EB754C3F-87AA-408C-B798-C8B7B555ED12,"251G00000X","Agencies : Hospice Care, Community Based","Definition to come...",1,Active,"",2003-11-04 10:21:15.613
14,"12C4E707-671B-4C4E-93C7-C8C6AE7B5FC8","103TA0700X",Behavioral Health & Social Service Providers : Psychologist : Adult Development & Aging,"Definition to come...",0,Active,"",2003-11-04 10:21:14.113
1121,"90E90A86-4B7D-4DAC-931B-CAAE2A6EA7D5","2086H0002X",Surgery: Hospice and Palliative Medicine,,0,"","",2009-09-08 13:42:59.440
287,A2125BAC-6D9D-4B9E-AE5B-CB4A7853356E,"2080P0208X",Pediatrics : Pediatric Infectious Diseases,"Definition to come...",0,Active,"",2003-11-04 10:21:15.020
762,"0CB06B59-006E-4841-8B73-CB5115B743BF","225XP0019X",Occupational Therapist : Physical Rehabilitation,"Occupational therapists are experts at helping people lead as independent a life as possible.  Occupational therapists bring an understanding of the physical and psychological implications of illness and injury and their effects on peoples' ability to perform the tasks of daily living.  Occupational therapists provide interventions that can aide a person in completing ADL and IADL tasks, such as dressing, bathing, preparing meals, and driving.  They also may fabricate custom orthotics to improve function, evaluate the environment for safety hazards and recommend adaptations to remove those hazards, help a person compensate for cognitive changes, and build a persons¡¯ physical endurance and strength. Occupational therapists' knowledge of adapting tasks and modifying the environment to compensate for functional limitations is used to increase the involvement of clients and to promote safety and success.",0,Active,"",2008-07-08 09:36:00.000
546,"6BFA56D6-5E2F-4C34-BD58-CB71595830D7","261QR0401X","Ambulatory Health Care Facilities : Clinic/Center : Rehabilitation, Comprehensive Outpatient Rehabilitation Facility (CORF)","Definition to come...",0,Active,"",2003-11-04 10:21:15.783
42,CEBA67A6-E00E-4FF2-97CB-CB998BA98F62,"111NT0100X",Chiropractic Providers : Chiropractor : Thermography,"Definition to come...",0,Active,"",2003-11-04 10:21:14.177
531,"0E0C47F6-A64E-4D37-AD75-CBE4606D5D08","261QM2500X",Ambulatory Health Care Facilities : Clinic/Center : Medical Specialty,"Definition: An entity, facility, or distinct part of a facility providing diagnostic, treatment, and prescriptive services related to a specific area of medical specialization.  Frequently used for Title V related Children's Specialty services or to meet specific public health needs (e.g., infectious diseases or breast and cervical cancer).",0,Active,"",2003-11-04 10:21:15.737
421,"913218C2-AACA-4619-908D-CBEF3C1D6BF4","2279S1500X","Respiratory, Rehabilitative & Restorative Service Providers : Respiratory Therapist, Registered : SNF/Subacute Care","Definition: Care of residents in a long-term care environment.  Respiratory modalities delivered include those similar in the general care and critical care areas but provided to less critical patients.",0,Active,"",2003-11-04 10:21:15.393
1090,"009E22F4-2150-422B-A7A5-CC0532B704D4","111NI0013X",Chiropractor: Independent Medical Examiner,,0,"","",2009-09-08 13:42:59.440
1122,"3C0CE411-6AB6-44C0-9058-CC4D5AD3C476","2088P0231X",Urology: Pediatric Urology,,0,"","",2009-09-08 13:42:59.440
409,DD91C2F3-B268-4B86-B8C0-CC65E73B46E1,"2279C0205X","Respiratory, Rehabilitative & Restorative Service Providers : Respiratory Therapist, Registered : Critical Care","Definition: Respiratory emergencies are commonplace in the treatment of critical care patients.  Included in the assessment measurements conducted by the respiratory therapist in the critical care settings are arterial blood gas puncture and analysis, intrarterial monitoring, bedside measurements of lung mechanics, hemodynamic monitoring, and inspired and expired gas measurements.  This is coupled with the initiation and management of mechanical ventilation patients.",0,Active,"",2003-11-04 10:21:15.363
241,AC9BBCD2-70E6-4BF3-86EC-CC7C7936092A,"207VG0400X",Obstetrics & Gynecology : Gynecology,"Definition to come...",0,Active,"",2003-11-04 10:21:14.893
263,"6C11CB9A-2BC0-4275-9B02-CC8DC08307F8","207ZF0201X",Pathology : Forensic Pathology,"Definition to come...",0,Active,"",2003-11-04 10:21:14.957
580,E3AFD371-9E97-4AC3-B65B-CC92F67E48CE,"287300000X",Hospitals : Christian Science Sanitorium,"Definition: A Christian Science sanitarium operated, or listed and certified, by The First Church of Christ, Scientist, Boston, Massachusetts, furnishing inpatient hospital care services.Source: Paraphrased from Section 1861(e) of the Social Security Act.",1,Active,"",2003-11-04 10:21:15.880
64,D0467EAD-0C11-4576-93BD-CD673C4154AA,"133VN1004X","Dietary & Nutritional Service Providers : Dietitian, Registered : Nutrition, Pediatric","Definition to come...",0,Active,"",2003-11-04 10:21:14.223
687,"3F82DF87-713F-456A-B30B-CD68CA6F921D","364SX0106X",Physician Assistants & Advanced Practice Nursing Providers : Clinical Nurse Specialist : Occupational Health,"Definition to come...",0,Active,"",2003-11-04 10:21:16.237
1100,B86E2890-F4F6-42A5-A08C-CEB1471ADE7A,"172P00000X",Naprapath,,0,"","",2009-09-08 13:42:59.440
535,FDC6C069-BA29-4067-95AE-CF84E33779F2,"261QP0905X","Ambulatory Health Care Facilities : Clinic/Center : Public Health, State or Local","Definition to come...",0,Active,"",2003-11-04 10:21:15.753
613,"5A43D111-EE0F-4AD4-9889-CFF3C5671F23","332BN1400X",Suppliers : Durable Medical Equipment & Medical Supplies : Nursing Facility Supplies,"Definition to come...",0,Active,"",2003-11-04 10:21:15.987
48,"86166BA6-BED2-4F41-83E9-D03DC7EFE7F2","1223G0001X",Dental Providers : Dentist : General Practice,"Definition: A general dentist is the primary dental care provider for patients of all ages. The general dentist is responsible for the diagnosis, treatment, management and overall coordination of services related to patients' oral health needs. Source: Academy of General Dentistry",0,Active,"",2003-11-04 10:21:14.190
157,"726CD0F5-6701-4A7D-AB3E-D03F35BE8EA9","1744R1102X",Other Service Providers : Specialist : Research Study,"Definition to come...",0,Active,"",2003-11-04 10:21:14.677
29,AE096EE3-223E-4B1C-B814-D06B43677739,"103TR0400X",Behavioral Health & Social Service Providers : Psychologist : Rehabilitation,"Definition to come...",0,Active,"",2003-11-04 10:21:14.143
227,D4BAE616-477C-4756-A253-D06F2A8E59A2,"207SC0300X",Medical Genetics : Clinical Cytogenetic,"Definition: A clinical cytogenetcist demonstrates competence in providing laboratory diagnostic and clinical interpretive services dealing with cellular components, particularly chromosomes, associated with heredity. A general certificate was first issued by the ABMS in 1982.  ACGME Accredited Residency Program Requirements:  None.",0,Active,CCG,2003-11-04 10:21:14.863
151,"9514C087-53D1-4351-A29C-D11A86E6B1CD","171WV0202X",Other Service Providers : Contractor : Vehicle Modifications,"Definition: A contractor who makes modifications to private vehicles to accommodate a health condition.",0,Active,"",2003-11-04 10:21:14.660
507,"843C8548-AD15-4884-B86C-D130AC98E560","261QC0050X",Ambulatory Health Care Facilities : Clinic/Center : Critical Access Hospital,"Definition: An outpatient entity, facility, or distinct part of a facility within or affiliated with a Critical Access Hospital that provides access to primary care services for individuals in a small rural community and is Medicare certified.",0,Active,"",2003-11-04 10:21:15.660
16,"22D805DC-DF65-49F4-A531-D141B569689F","103TC0700X",Behavioral Health & Social Service Providers : Psychologist : Clinical,"Definition to come...",0,Active,"",2003-11-04 10:21:14.113
569,"2B0361B5-0B76-45DA-BFBD-D20BFC574373","282NC2000X",Hospitals : General Acute Care Hospital : Children,"Definition to come...",0,Active,"",2003-11-04 10:21:15.847
423,"6E1EC474-E157-4F6D-833D-D20F2EBEF01B","231HA2400X","Speech, Language and Hearing Service Providers : Audiologist : Assistive Technology Practitioner","Definition to come...",0,Active,"",2003-11-04 10:21:15.410
590,"1F161A0F-2467-4B05-9389-D2218CCDDACC","3104A0630X","Nursing & Custodial Care Facilities : Assisted Living Facility : Assisted Living, Behavioral Disturbances","Definition: A facility providing supportive services to individuals who can function independently in most areas of activity, but exhibit abnormal behavioral responses and habits and therefore need special guidance, assistance and/or monitoring to assure safety and well being.  This type of facility requires a staff with special training in dealing with and redirecting negative, violent or destructive behaviors.",0,Active,"",2003-11-04 10:21:15.910
584,"2B7A7867-49B9-474E-AF21-D2239626F4C6","302F00000X",Managed Care Organizations : Exclusive Provider Organization,"Definition: (1) An EPO is a form of PPO, in which patients must visit a caregiver that is specified on its panel of providers (is a participating provider). If a visit to an outside(not participating) provider is made the EPO offers very limited or no coverage for the medical service; (2) While similar to a PPO in that an EPO allows patients to go outside the network for care, if they do so in an EPO, they are required to pay the entire cost of care. An EPO differs from an HMO in that EPO physicians do not receive capitation but instead are reimbursed only for actual services provided; (3) An organization identical to a preferred provider organization except that persons enrolled in the plan are eligible to receive benefits only when they use the services of the contracting providers. No benefits are available when non-contracting providers are used, except in certain emergency situations.Source: (1) Medical Interface: Managed Care A thru Z- Managed Care Terms published by Medicom International, Bronxville, New York Telephone (914) 337-5023, p. 15; (2) ""Glossary of terms used in managed care"" Developed by the Managed Care Assembly (MCA) of Medical Group Management Association (MGMA), MGM Journal, September/October 1995, p. 58; (3) Rhea, Ott, and Shafritz, The Facts On File Dictionary of Health Care Management, New York: Facts On File Publications, 1988.",1,Active,"",2003-11-04 10:21:15.893
540,B17103C3-D440-4632-8F88-D27DF895012F,"261QP3300X",Ambulatory Health Care Facilities : Clinic/Center : Pain,"Definition to come...",0,Active,"",2003-11-04 10:21:15.770
1118,B2EAAB49-7EFE-4174-B348-D2D374869EE4,"2084P0015X",Psychiatry & Neurology: Psychosomatic Medicine,,0,"","",2009-09-08 13:42:59.440
1126,"1E7FBAE2-6EEB-4322-B442-D328EBB19BC4","247ZC0005X","Pathology: Clinical Laboratory Director, Non-physician",,0,"","",2009-09-08 13:42:59.440
469,B5BEC170-AE5D-4095-8EF2-D3301FEFBEC2,"247000000X","Technologists, Technicians & Other Technical Service Providers : Technician, Health Information","Definition: Preferred term for an Accredited Record Technician who is an individual with an associates degree from an accredited college or independent study program who is skilled in analyzing health information and in examination of medical records for accuracy, reporting of patient data for reimbursement, and creation of disease registries for researchers.Source: American Health Information Management Association, Chicago, IL, 1996.",1,Active,"",2003-11-04 10:21:15.533
743,B7AF7BD6-2D98-4663-B882-D33D6EB8DCAB,"3336C0004X",Pharmacy : Compounding Pharmacy,A pharmacy that specializes in the preparation of components into a drug preparation as the result of a Practitioner? Prescription Drug Order or initiative based on the Practitioner/Patient/Pharmacist relationship in the course of professional practice.  A compounding pharmacy utilizes specialized equipment and specially designed facilities necessary to meet the legal and quality requirements of its scope of compounding practice.,0,Active,"",2008-04-16 11:26:00.000
570,"9F50D276-9084-417D-AFF3-D372290B242D","282NR1301X",Hospitals : General Acute Care Hospital : Rural,"Definition to come...",0,Active,"",2003-11-04 10:21:15.847
302,"2AE729AA-778E-4582-9DAF-D3CBD6A38ED8","2083P0011X",Preventive Medicine : Undersea and Hyperbaric Medicine,"Definition to come...",0,Active,"",2003-11-04 10:21:15.050
183,"99156C53-3A36-44F7-9B1F-D43BE8C537A9","207L00000X",Anesthesiology,"Definition to come...",1,Active,ANE,2003-11-04 10:21:14.753
79,D41CD8EA-4D96-4D40-8F12-D5846F36900B,"156F00000X",Eye and Vision Services Providers : Technician/Technologist,"Definition: A broad category grouping different kinds of technologists and technicians. See individual definitions.",1,Active,"",2003-11-04 10:21:14.253
13,"1DE625F7-7EA9-4A08-B67A-D5A0B0A5072A","103TA0400X",Behavioral Health & Social Service Providers : Psychologist : Addiction (Substance Use Disorder),"Definition to come...",0,Active,"",2003-11-04 10:21:14.097
58,"30B0592A-B7AE-4F4F-94DD-D5AD37394000","126800000X",Dental Providers : Dental Assistant,"Definition: An individual who may or may not have completed an accredited dental assisting education program and who aids the dentist in providing patient care services and performs other nonclinical duties in the dental office or other patient care facility.  The scope of the patient care functions that may be legally delegated to the dental assistant varies based on the needs of the dentist the educational preparation of the dental assistant and state dental practice acts and regulations.  Patient care services are provided under the supervision of a dentist.  To avoid misleading the public, no occupational title other than dental assistant should be used to describe this dental auxiliary.Source: Comprehensive Policy Statement on Dental Auxiliaries, American Dental Association",1,Active,DA,2003-11-04 10:21:14.207
259,CDFD93AC-A8D9-466B-BED6-D5DE9A976286,"207YX0905X",Otolaryngology : Otolaryngology/Facial Plastic Surgery,"Definition: Definition to come.",0,Active,"",2003-11-04 10:21:14.940
129,"5F7BE668-84A6-4DA6-BA07-D62172B9DFDA","163WR0400X",Nursing Service Providers : Registered Nurse : Rehabilitation,"Definition to come...",0,Active,"",2003-11-04 10:21:14.363
634,"3B04CCD6-5FD6-46AF-8EB3-D68B7E54F07E","347E00000X",Transportation Services : Transportation Broker,"Definition: A public or private organization or business contracted to arrange non-emergency medical transportation services, including appropriate ancillary services, e.g., lodging.",1,Active,"",2003-11-04 10:21:16.050
150,A9109858-A7EE-42AF-A832-D6C0BC50FAD1,"171WH0202X",Other Service Providers : Contractor : Home Modifications,"Definition to come...",0,Active,"",2003-11-04 10:21:14.660
600,"633118C9-132A-401C-A777-D74F5FA72FF8","317400000X",Nursing & Custodial Care Facilities : Christian Science Facility,"Definition: A Christian Science sanitarium operated, or listed and certified, by The First Church of Christ, Scientist, Boston, Massachusetts, furnishing extended care services.Source: Paraphrased from Section 1861(y) (1) of the Social Security Act.",1,Active,"",2003-11-04 10:21:15.940
339,"0CCA828F-AA74-4135-BF9B-D7722BB03E3A","208800000X",Urology,"Definition to come...",1,Active,URO,2003-11-04 10:21:15.160
414,"688270D6-28F1-4377-802C-D77CBD697581","2279H0200X","Respiratory, Rehabilitative & Restorative Service Providers : Respiratory Therapist, Registered : Home Health","Definition: Home care fosters individual responsibility for self-management of chronic respiratory conditions.  It includes individualized assessment based plans of care service developed to promote safe, proper, and sustained use of prescribed respiratory therapy medications, equipment, and techniques in the home.",0,Active,"",2003-11-04 10:21:15.380
642,"5389E658-E0D3-4003-8364-D7F714DDF478","363LC1500X",Physician Assistants & Advanced Practice Nursing Providers : Nurse Practitioner : Community Health,"Definition to come...",0,Active,"",2003-11-04 10:21:16.080
501,B73FE2A5-E1EA-43DE-AAF1-D882E677EF51,"261QA0006X",Ambulatory Health Care Facilities : Clinic/Center : Ambulatory Fertility Facility,"Definition: A fertility facility, which may be licensed, registered, or certified in some states,  that is not hospital-based, where services are provided at a fixed specific location. An Ambulatory Fertility Facility does not provide overnight accommodations. Thefollowing fertility procedures may be performed at an Ambulatory Fertility Facility: In Vitro Fertilization (IVF), Gamete Intrafallopian Transfer (GIFT), Embryo Transfer-Thaw (ET-T), Zygote Intrafallopian Transfer (ZIFT), Donor OOCYTE (DO) ",0,Active,"",2003-11-04 10:21:15.630
1113,"384CB10B-662D-441A-B326-D88B2B1C2DA1","2080H0002X",Pediatrics: Hospice and Palliative Medicine,,0,"","",2009-09-08 13:42:59.440
372,F79710E3-F657-4707-ABA6-D89ABC2CE040,"2251X0800X","Respiratory, Rehabilitative & Restorative Service Providers : Physical Therapist : Orthopedic","Definition to come...",0,Active,"",2003-11-04 10:21:15.253
364,"52EC5F13-B692-46EC-AFFF-D8BA5E7705FE","2251E1200X","Respiratory, Rehabilitative & Restorative Service Providers : Physical Therapist : Ergonomics","Definition to come...",0,Active,"",2003-11-04 10:21:15.237
422,AC274BED-E038-4846-AEF6-D9330DA9FAAF,"231H00000X","Speech, Language and Hearing Service Providers : Audiologist","Definition: (1) A specialist in evaluation, habilitation and rehabilitation of those whose communication disorders center in whole or in part in hearing function. Audiologists are autonomous professionals who identify, assess, and manage disorders of the auditory, balance and other neural systems. Audiologists provide audiological (aural) rehabilitation to children and adults across the entire age span. Audiologists select, fit and dispense amplification systems such as hearing aids and related devices. (2) An audiologist is a person qualified by a masters degree in audiology, licensed by the state, where applicable, and practicing within the scope of that license. Audiologists evaluate and treat patients with impaired hearing. They plan, direct and conduct rehabilitative programs with audiotry substitutional devises (hearing aids) and other therapy.Source: (1) American Speech-Language-Hearing Association, (1996, Spring) Scope of practice in Audiology, p. 2",1,Active,"",2003-11-04 10:21:15.410
368,A20B1D08-6408-4B83-8079-D95B507507E0,"2251H1300X","Respiratory, Rehabilitative & Restorative Service Providers : Physical Therapist : Human Factors","Definition to come...",0,Active,"",2003-11-04 10:21:15.237
155,"8B26A9A8-E457-4F5E-82EC-D9EE3C946D24","1744G0900X",Other Service Providers : Specialist : Graphics Designer,"Definition to come...",0,Active,"",2003-11-04 10:21:14.677
78,E70A74C6-9BEA-4496-919D-DA760426DFC3,"152WX0102X",Eye and Vision Services Providers : Optometrist : Occupational Vision,"Definition to come...",0,Active,"",2003-11-04 10:21:14.253
588,"259461A2-BCD7-46A4-BAE6-DAA74A951C11","310400000X",Nursing & Custodial Care Facilities : Assisted Living Facility,"Definition: A facility providing supportive services to individuals who can function independently in most areas of activity, but need assistance and/or monitoring to assure safety and well being.",1,Active,"",2003-11-04 10:21:15.910
296,"1CB76548-CE3C-4C9F-802B-DAA9731A642D","2081P2900X",Physical Medicine & Rehabilitation : Pain Medicine,"Definition: Pain Management is a subspecialty of Physical Medicine & Rehabilitation.  A physician who provides a high level of care, either as a primary physician or consultant, for patients experiencing problems with acute, chronic or cancer pain in both hospitaland ambulatory settings. A subspecialty certificate for PMR was approved by the ABMS in 1998.    ACGME Accredited Residency Program Requirements:  Ongoing early discussions regarding proposal. ",0,Active,"",2003-11-04 10:21:15.033
130,"86905965-38A1-4937-8D7F-DAAE7F4B5B46","163WR1000X",Nursing Service Providers : Registered Nurse : Reproductive Endocrinology/Infertility,"Definition to come...",0,Active,"",2003-11-04 10:21:14.380
704,AA3143C1-3635-4D2B-A74E-DAEA43551DB5,"385H00000X",Respite Care Facility : Respite Care,"Definition: Definition to come.",1,Active,"",2003-11-04 10:21:16.300
603,F083867E-7E2E-4246-86EE-DC051A01C5C2,"320800000X","Residential Treatment Facilities : Community Based Residential Treatment Facility, Mental Illness","Definition: A home-like residential facility providing psychiatric treatment and psycho/social rehabilitative services to individuals diagnosed with mental illness.",1,Active,"",2003-11-04 10:21:15.957
70,"4EC5AC94-48AF-42C2-8683-DC817BA5B219","146M00000X","Emergency Medical Service Providers : Emergency Medical Technician, Intermediate","Definition: An Intermediate EMT is an individual trained and certified to perform intermediate life support treatment in medical emergencies based on individual state boards.Sources: Tabers Medical Dictionary and Florida EMS Clearing House.",1,Active,"",2003-11-04 10:21:14.237
389,A856ED01-0B4F-43EE-9ECA-DC90419D7180,"225XH1300X","Respiratory, Rehabilitative & Restorative Service Providers : Occupational Therapist : Human Factors","Definition to come...",0,Active,"",2003-11-04 10:21:15.300
384,"4278E040-F821-4E70-8A4C-DCA004B42DBA","225CA2400X","Respiratory, Rehabilitative & Restorative Service Providers : Rehabilitation Counselor : Assistive Technology Practitioner","Definition to come...",0,Active,"",2003-11-04 10:21:15.300
710,"5D31F8D1-E2A8-438D-877B-DCAE48842AD4","207Z00000X",Pathology,,1,Active,"",2003-12-15 10:31:07.293
139,"9C8F2C2C-2B42-48F8-932F-DCEDB44D8F6C","163WX0200X",Nursing Service Providers : Registered Nurse : Oncology,"Definition to come...",0,Active,"",2003-11-04 10:21:14.630
213,"0EC634BD-4D28-4F13-B7FA-DCFB580C6D8D","207RG0100X",Internal Medicine : Gastroenterology,"Definition: Definition to come.",0,Active,"",2003-11-04 10:21:14.817
356,C7C53596-C39F-4309-9F66-DD1B3608AB59,"213ES0131X",Podiatric Medicine & Surgery Service Providers : Podiatrist : Foot Surgery,"Definition to come...",0,Active,"",2003-11-04 10:21:15.207
82,"74127702-7D17-483D-A280-DDB2A6473579","156FX1100X",Eye and Vision Services Providers : Technician/Technologist : Ophthalmic,"Definition to come...",0,Active,"",2003-11-04 10:21:14.270
363,"74622F9C-143D-48A7-938B-DDDC952C4B29","2251C2600X","Respiratory, Rehabilitative & Restorative Service Providers : Physical Therapist : Cardiopulmonary","Definition to come...",0,Active,"",2003-11-04 10:21:15.237
611,"644E5485-B5D0-45D2-9BD4-DDDFF04F8512","332BC3200X",Suppliers : Durable Medical Equipment & Medical Supplies : Customized Equipment,"Definition to come...",0,Active,"",2003-11-04 10:21:15.987
84,"1CE1F1BD-436E-405E-B93D-DE9BB584BEF5","156FX1201X",Eye and Vision Services Providers : Technician/Technologist : Optometric Assistant,"Definition to come...",0,Active,"",2003-11-04 10:21:14.270
209,B3112FD3-555C-4AFF-BFA1-DEE2A8697379,"207RC0000X",Internal Medicine : Cardiovascular Disease,"Definition to come...",0,Active,"",2003-11-04 10:21:14.817
208,F73D89E5-6F90-4626-8273-DFDF85FED9A7,"207RA0401X",Internal Medicine : Addiction Medicine,"Definition to come...",0,Active,"",2003-11-04 10:21:14.817
450,"27266139-2C7F-4A17-91FD-DFE0553C1745","246XC2903X","Technologists, Technicians & Other Technical Service Providers : Spec/Tech, Cardiovascular : Vascular Specialist","Definition to come...",0,Active,"",2003-11-04 10:21:15.487
680,"7E7D0522-10EB-4464-A8B6-E00DEF16AFFF","364SP0813X","Physician Assistants & Advanced Practice Nursing Providers : Clinical Nurse Specialist : Psych/Mental Health, Geropsychiatric","Definition to come...",0,Active,"",2003-11-04 10:21:16.207
276,B072F265-14AD-47C7-AF89-E02C4F8CBD52,"2080I0007X",Pediatrics : Clinical & Laboratory Immunology,"Definition to come...",0,Active,"",2003-11-04 10:21:14.987
554,B0D77AF7-770D-44EA-8BBD-E02E026EB9C7,"261QS1000X",Ambulatory Health Care Facilities : Clinic/Center : Student Health,"Definition to come...",0,Active,"",2003-11-04 10:21:15.800
270,"4B2A1A02-0B34-4060-AB44-E087B64C186E","207ZP0102X",Pathology : Anatomic Pathology & Clinical Pathology,"Definition to come...",0,Active,APT,2003-11-04 10:21:14.973
92,"74E65FD3-A843-4321-9C11-E185B63007B7","163WC0200X",Nursing Service Providers : Registered Nurse : Critical Care Medicine,"Definition to come...",0,Active,"",2003-11-04 10:21:14.283
1137,"460D0A21-C256-4F13-BDE8-E19F0B8AA0C7","374K00000X",Religious Nonmedical Practitioner,,0,"","",2009-09-08 13:42:59.440
740,"2BE02ECE-1FFE-4FFA-888A-E20E1273B190","291900000X",Military Clinical Medical Laboratory,A Department of Defense (DoD) medical clinical reference laboratory not associated with a DoD Hospital or DoD Clinic. An example is the Armed Forces Institute of Pathology.,1,Active,"",2008-04-16 11:26:00.000
298,"3A574AC3-066F-4640-88F0-E2951698C5CC","208200000X",Plastic Surgery,"Definition to come...",1,Active,PLS,2003-11-04 10:21:15.050
63,"00093C24-009C-46BD-80F7-E300B529F648","133V00000X","Dietary & Nutritional Service Providers : Dietitian, Registered","Definition: A registered dietician (RD) is a food and nutrition expert who has successfully completed a minimum of a bachelors degree at a US regionally accredited university or college and course work approved by The American Dietetic Association (ADA); an ADA-accredited or approved, supervised practice program, typically 6 to 12 months in length; a national examination administered by the Commission on Dietetic Registration; and continuing professional educational requirements to maintain registration.Source: The American Dietetic Association. Becoming a Registered Dietitian ?a food and nutrition expert. Chicago, IL: The American Dietetic Association, July 1997.",1,Active,"",2003-11-04 10:21:14.223
93,"674B2689-D656-4965-9B17-E338DAACC904","163WC0400X",Nursing Service Providers : Registered Nurse : Case Management,"Definition to come...",0,Active,"",2003-11-04 10:21:14.283
1087,"50DF7DDB-AB2B-4EAA-AA5C-E376F4F53A43","102X00000X",Poetry Therapist,,0,"","",2009-09-08 13:42:59.440
438,"6401EBBE-F88B-4FB7-AAF4-E3AEC1571819","246QI0000X","Technologists, Technicians & Other Technical Service Providers : Spec/Tech, Pathology : Immunology","Definition to come...",0,Active,"",2003-11-04 10:21:15.457
167,A0D23E0A-D99B-4A4D-89C9-E3BD0E75046F,"183500000X",Pharmacy Service Providers : Pharmacist,"Definition: An individual who is licensed to prepare and sell or dispense drugs and compounds and to make up prescriptions.Source: Dorlands Illustrated Medical Dictionary, 26th Edition, Philadelphia: W.. Saunders Company, 1981.",1,Active,"",2003-11-04 10:21:14.707
337,"7561842A-2855-4061-B5DC-E3F756739ABB","2086S0129X",Surgery : Vascular Surgery,"Definition to come...",0,Active,"",2003-11-04 10:21:15.160
492,F462130A-4234-4A7C-A428-E5224EA46443,"251C00000X","Agencies : Day Training, Developmentally Disabled Services","Definition: These agencies are authorized to provide day habilitation services to developmentally disabled individuals who live in theri homes.  The function of day habilitation is to assist an individual to acquire and maintain those life skills that enable the individual to cope more effectively with the demands of independent living.  Also to raise the level of the individual's physical, mental, social, and vocational functioning.",1,Active,"",2003-11-04 10:21:15.613
447,"9DEC65E1-6AF8-498A-AE30-E556E4574AE7","246W00000X","Technologists, Technicians & Other Technical Service Providers : Technician, Cardiology","Definition: An individual who has knowledge of specific techniques, instruments, and equipment required in performing specific cardiovascular/peripheral vascular diagnostic procedures.",1,Active,"",2003-11-04 10:21:15.473
690,"5B2630B3-C094-47A5-B55F-E5890155D61A","367500000X","Physician Assistants & Advanced Practice Nursing Providers : Nurse Anesthetist, Certified Registered","Definition: (1)A licensed registered nurse with advanced specialty education in anesthesia who, in collaboration with appropriate health care professionals, provides preoperative, intraoperative, and postoperative care to patients and assists in management and resuscitation of critical patients in intensive care, coronary care, and emergency situations. Nurse anesthetists are certified following successful completion of credentials and state licensure review and a national examination directed by the Council on Certification of Nurse Anesthetists. (2) A registered nurse who is qualified by special training to administer anesthesia in collaboration with a physician or dentist and who can assist in the care of patients who are in critical condition.Sources: (1) Council on Certification of Nurse Anesthetists, Park Ridge, IL, and Rhea, Ott, and Shafritz, The Facts On File Dictionary of Health Care Management, New York: Facts On File Publications, 1988. (2) Lexikon: Dictionary of Health Care Terms, Organizations and Acronyms for the Era of Reform, The Joint Commission on Accreditation of Healthcare Organizations, Oakbrook Terrace, Illinois: 1994, p. 548.",1,Active,CRN,2003-11-04 10:21:16.237
647,"65A9FFE8-001C-4BF3-893B-E5EB0D12D227","363LP0200X",Physician Assistants & Advanced Practice Nursing Providers : Nurse Practitioner : Pediatrics,"Definition to come...",0,Active,"",2003-11-04 10:21:16.097
711,"6F95C00E-7C55-4FF1-9C4C-E5EB961FA757","208300000X",Preventive Medicine,,1,Active,"",2003-12-15 10:33:35.170
290,"81479A87-0FB0-4F70-BAB4-E6470AAAD009","2080P0216X",Pediatrics : Pediatric Rheumatology,"Definition to come...",0,Active,"",2003-11-04 10:21:15.020
445,D4599BD0-9881-47F3-B858-E6682A061328,"246RM2200X","Technologists, Technicians & Other Technical Service Providers : Technician, Pathology : Medical Laboratory","Definition to come...",0,Active,"",2003-11-04 10:21:15.473
512,B0B74E78-577A-466F-A9C4-E6A53A1CDC1B,"261QE0002X",Ambulatory Health Care Facilities : Clinic/Center : Emergency Care,"Definition to come...",0,Active,"",2003-11-04 10:21:15.677
633,"48DB24E3-6997-4FC3-976C-E73C2D3A9C57","347D00000X",Transportation Services : Train,"Definition: An organization or business licensed to provide passenger train service, including light rail, subway, and traditional services.",1,Active,"",2003-11-04 10:21:16.050
1092,DCF507AD-C841-4A78-8228-E78611EE8700,"163WR0006X",Registered Nurse: Registered Nurse First Assistant,,0,"","",2009-09-08 13:42:59.440
197,"12ABAE0C-E39C-431E-880A-E78F9898A6B9","207PS0010X",Emergency Medicine : Sports Medicine,"Definition to come...",0,Active,"",2003-11-04 10:21:14.783
721,FFA9E906-2FCF-4AC0-A5D4-E7C3AEBB90BF,"207RB0002X",Internal Medicine : Bariatric Medicine,"Bariatric medicine is the medical treatment of obesity and its associated conditions.  Bariatric medicine addresses the obese individual with a comprehensive program of diet, exercise and behavior modification, and when indicated, the prescription of appropriate medications as determined by the Bariatric physician.  Bariatric physicians are licensed physicians who offer specialized programs in the medical treatment of obesity and its associated conditions. ",0,Active,"",2008-04-16 11:26:00.000
314,"330EBADD-565D-4F6A-AAD0-E7F89CBA2234","2084P0800X",Psychiatry & Neurology : Psychiatry,"Definition: Definition to come.",0,Active,PSY,2003-11-04 10:21:15.080
618,"109C8EAD-4089-4E7D-96F3-E8423379BDAB","332S00000X",Suppliers : Hearing  Aid Equipment,"Definition: The manufacture and/or sale of electronic hearing aids, their component parts, and related products and services on a national basis.",1,Active,"",2003-11-04 10:21:16.003
586,"933537C9-6F3C-4B49-9AA7-E937A05E1C6D","305R00000X",Managed Care Organizations : Preferred Provider Organization,"Definition: A group of physicians and/or hospitals who contract with an employer to provide services to their employees. In a PPO, the patient may got to the physician of his/her choice, even if that physician does not participate in the PPO, but the patient receives care at a lower benefit level.Source: ""Glossary of terms used in managed care"" Developed by the Managed Care Assembly (MCA) of Medical Group Management Association (MGMA), MGM Journal, September/ October 1995, p. 62",1,Active,"",2003-11-04 10:21:15.910
110,EFDF6298-B08C-47B2-8DEE-E9411C413EB5,"163WI0500X",Nursing Service Providers : Registered Nurse : Infusion Therapy,"Definition to come...",0,Active,"",2003-11-04 10:21:14.330
404,"1957565C-D8C5-4DC9-BFCE-E94D1F519F95","2278P3800X","Respiratory, Rehabilitative & Restorative Service Providers : Respiratory Therapist, Certified : Palliative/Hospice","Definition: A coordinated plan of care to help dying patients and their families handle the burden of terminal care.  Effective secretion management and relief of dyspnea are paramount in caring for patients with end-stage pulmonary disease.",0,Active,"",2003-11-04 10:21:15.347
500,"7B07F7DE-82C8-4EBA-8BBA-EA25F04C544E","261QA0005X",Ambulatory Health Care Facilities : Clinic/Center : Ambulatory Family Planning Facility,"Definition: An abortion/family planning facility where services are provided at a fixed specific location.  An Ambulatory Family Planning Facility does not provide overnight accommodations. The following procedures may be performed at an Ambulatory Family Planning Facility: abortions, laproscopy, hysterectomies, tubule ligation and other related procedures. Abortion is considered voluntary termination of pregnancy.",0,Active,"",2003-11-04 10:21:15.630
455,"4C6D4405-8E67-4CA3-AF4B-EB3AF7D0A36C","246YR1600X","Technologists, Technicians & Other Technical Service Providers : Spec/Tech, Health Info : Registered Record Administrator","Definition to come...",0,Active,"",2003-11-04 10:21:15.503
285,A563DD22-4904-4566-8B04-EB4D36FA7088,"2080P0206X",Pediatrics : Pediatric Gastroenterology,"Definition to come...",0,Active,"",2003-11-04 10:21:15.003
443,"426BA1A4-5EE3-4B3B-9BEB-EB95367995EB","246R00000X","Technologists, Technicians & Other Technical Service Providers : Technician, Pathology","Definition: An individual with knowledge of specific techniques and instruments who performs all of the routine tests in a medical laboratory and who has the ability to discriminate between similar factors that directly affect procedures and results.",1,Active,"",2003-11-04 10:21:15.457
391,"1AC78895-047D-4B42-9276-EBAF6F0DC911","225XP0200X","Respiratory, Rehabilitative & Restorative Service Providers : Occupational Therapist : Pediatrics","Definition to come...",0,Active,"",2003-11-04 10:21:15.317
682,"9050DA1A-090F-4A25-9568-EBB9568F4366","364SP2800X",Physician Assistants & Advanced Practice Nursing Providers : Clinical Nurse Specialist : Perioperative,"Definition to come...",0,Active,"",2003-11-04 10:21:16.223
277,"52DB2C3E-8C07-49AF-93B6-EC1FC00F78CA","2080N0001X",Pediatrics : Neonatal-Perinatal Medicine,"Definition to come...",0,Active,"",2003-11-04 10:21:14.987
88,"7E5CF17A-3124-4051-B7D9-EC67F7E79BF1","156FX1900X",Eye and Vision Services Providers : Technician/Technologist : Orthoptist,"Definition to come...",0,Active,"",2003-11-04 10:21:14.283
766,DD4537A1-8682-44CA-96C1-EC698E5F2A35,"253Z00000X",In Home Supportive Care,"An In Home Supportive Care Agency provides services in the patient¡¯s home with the goal of enabling the patient to remain at home.  The services provided may include personal care services such as hands-on assistance with activities of daily living (ADLs), e.g., eating, bathing, dressing, and bladder and bowel requirements; homemaker services and instrumental activities of daily living (IADLs), e.g., taking medications, shopping for groceries, laundry, housekeeping, and companionship; and/or supervision or cuing so that a person can perform tasks themselves.",1,Active,"",2008-07-08 09:36:00.000
444,E998ECAD-773D-4D9E-B9B8-EC87BBC357EF,"246RH0600X","Technologists, Technicians & Other Technical Service Providers : Technician, Pathology : Histology","Definition to come...",0,Active,"",2003-11-04 10:21:15.473
427,"1171060C-A428-46B2-8D39-EC9DA9B42573","2355S0801X","Speech, Language and Hearing Service Providers : Specialist/Technologist : Speech-Language Assistant","Definition to come...",0,Active,"",2003-11-04 10:21:15.427
619,"8A65A255-F5C6-4BD6-B112-ECF3D89DB014","332U00000X",Suppliers : Home Delivered Meals,"Definition: Home-delivered meals are those services or activities designed to prepare and deliver one or more meals a day to an individual's residence in order to prevent institutionalization, malnutrition, and feelings of isolation. Component services or activities may include the cost of personnel, equipment, and food; assessment of nutritional and dietary needs; nutritional education and counseling; socialization services; and information and referral.Source: Code of Federal Regulations #45, Part 96, Appendix A, Uniform Definition of Services.",1,Active,"",2003-11-04 10:21:16.003
175,E14D2F8D-8109-46E2-BE18-ECF8E5467EBD,"193400000X",Group : Single Specialty,"Definition: A business group of one or more individual practitioners, all of who practice with the same area of specialization.",1,Active,"",2003-11-04 10:21:14.723
1133,E0BF1DC6-5017-487F-8963-EDB8FC1000C0,"3418M1110X","Military/U.S. Coast Guard Transport: Military or U.S. Coast Guard Ambulance, Ground Transport",,0,"","",2009-09-08 13:42:59.440
237,"693EC17D-CF61-4CD5-9871-EE13C32C790E","207UN0903X",Nuclear Medicine : In Vivo & In Vitro Nuclear Medicine,"Definition to come...",0,Active,"",2003-11-04 10:21:14.880
504,"591801D1-096C-4C98-BFCE-EE227EEB439A","261QA1903X",Ambulatory Health Care Facilities : Clinic/Center : Ambulatory Surgical,"Definition to come...",0,Active,"",2003-11-04 10:21:15.643
334,EB72A25C-FC54-4883-B8A3-EE4DB7AD5464,"2086S0120X",Surgery : Pediatric Surgery,"Definition to come...",0,Active,"",2003-11-04 10:21:15.143
494,"94A6CFAD-2E7F-46CC-A90E-EF301A799983","251F00000X",Agencies : Home Infusion,"Definition to come...",1,Active,"",2003-11-04 10:21:15.613
273,"95EC3C29-7A04-4B8B-8D2D-EF35AA052DBD","207ZP0213X",Pathology : Pediatric Pathology,"Definition to come...",0,Active,"",2003-11-04 10:21:14.987
43,"6975BD99-F207-4C24-9E0A-F0A5C85A870B","111NX0100X",Chiropractic Providers : Chiropractor : Occupational Medicine,"Definition to come...",0,Active,"",2003-11-04 10:21:14.177
732,"9F2DC4A0-BF2C-489C-A26A-F1737E9E6661","251T00000X",PACE Provider Organization,A PACE provider organization is a not-for-profit private or public entity that is primarily engaged in providing PACE services(unique capitated managed care benefits for the frail elderly which include comprehensive medical and social services).  The following characteristics also apply to a PACE organization.  It must:  have a governing board that includes community representation; be able to provide complete PACE services regardless of frequency or duration of services; have a physical site to provide adult day services; have a defined service area; have safeguards against conflict of interest; have demonstrated fiscal soundness and have a formal Participant Bill of Rights.,1,Active,"",2008-04-16 11:26:00.000
431,"530AD7DC-773D-4DCE-9CD8-F19B2EB8D464","246Q00000X","Technologists, Technicians & Other Technical Service Providers : Spec/Tech, Pathology","Definition: (1) An individual educated and trained in clinical chemistry, microbiology or other biological sciences; and in gathering data on the blood, tissues, and fluids in the human body. Tests and procedures performed or supervised center on major areas of hematology, microbiology, immunohematology, immunology, clinical chemistry and urinalysis. Education and certification requires the equivalent of an associate degree and alternative combinations of accredited training and experience. (2) A specially trained individual who works under the direction of a pathologist, other physician, or scientist, and performs specialized chemical, microscopic, and bacteriological tests of human blood, tissue, and fluids. Also known as medical technologists, they perform and supervise tests and procedures in clinical chemistry, immunology, serology, bacteriology, hematology, parasitology, mycology, urinalysis, and blood banking. The work requires the correlation of test results with other data, interpretation of test findings, and exercise of independent judgment. The minimum educational requirement (for one of several certification programs in medical technology) is a baccalaureate degree with appropriate science course requirements, plus a twelve-month, structured, AMA approved medical technology program and an examination; or a baccalaureate degree with appropriate science course requirements and experience.",1,Active,BMT,2003-11-04 10:21:15.427
158,"2F2F5D1D-7199-4A28-BF9C-F2004E104F65","1744R1103X",Other Service Providers : Specialist : Research Data Abstracter/Coder,"Definition to come...",0,Active,"",2003-11-04 10:21:14.677
490,"30C0B038-A3DC-4FF3-90F7-F25F0FA6D14C","2472V0600X","Technologists, Technicians & Other Technical Service Providers : Technician, Other : Veterinary","Definition to come...",0,Active,"",2003-11-04 10:21:15.597
268,EED9FD9E-3072-46C1-8ABA-F26E7FE1C9B8,"207ZP0007X",Pathology : Molecular Genetic Pathology,"Definition: Molecular Genetic Pathology is a subspecialty of Pathology.  A molecular genetic pathologist is an expert in the principles, theory, and technologies of molecular biology and molecular genetics.  This expertise is used to make or confirm diagnoses of Mendelian genetic disorders, of human development, infectious diseases and malignancies, and to assess the natural history of those disorders.  A molecular genetic pathologist provides information about gene structure, function, and alteration and applies laboratory techniques for diagnosis, treatment, and prognosis for individuals with related disorders.A subspecialty certificate for MGP was approved by the ABMS in 1999.   ACGME Accredited Residency Program Requirements:  Proposal under development.",0,Active,"",2003-11-04 10:21:14.973
138,D5D0A551-7A12-40BA-BA93-F29049106749,"163WX0106X",Nursing Service Providers : Registered Nurse : Occupational Health,"Definition to come...",0,Active,"",2003-11-04 10:21:14.630
506,"73284B6B-0BC9-47CF-BFE8-F2BBFE8DE674","261QB0400X",Ambulatory Health Care Facilities : Clinic/Center : Birthing,"Definition to come...",0,Active,"",2003-11-04 10:21:15.643
644,D9A9AF9F-9EE3-428F-879E-F36D5763B6B4,"363LG0600X",Physician Assistants & Advanced Practice Nursing Providers : Nurse Practitioner : Gerontology,"Definition to come...",0,Active,"",2003-11-04 10:21:16.080
288,D995AD07-2EF7-41E6-90FD-F36E6A09E79A,"2080P0210X",Pediatrics : Pediatric Nephrology,"Definition to come...",0,Active,"",2003-11-04 10:21:15.020
756,F06D57DA-415C-49CF-A96B-F3E50AF3A996,"224ZF0002X","Occupational Therapy Assistant : Feeding, Eating & Swallowing","Occupational therapy assistants provide environmental modifications under the supervision of an occupational therapist.  OTAs develop and implement an individualized occupational therapy environmental modification plan that reflects the relevant contexts of the client and relevant others and maximizes current and future occupational performance, safety, and participation of the client. Clients receive environmental modification recommendations and interventions that enable them to meet occupational performance and participation goals and that have adequate flexibility to accommodate for their future needs.",0,Active,"",2008-07-08 09:36:00.000
454,"7E867680-13F2-4A2A-9976-F41895B8A34B","246YC3302X","Technologists, Technicians & Other Technical Service Providers : Spec/Tech, Health Info : Coding Specialist, Physician Office Based","Definition to come...",0,Active,"",2003-11-04 10:21:15.503
699,A1892A24-88D3-4760-9122-F504C646C606,"374T00000X",Nursing Service Related Providers : Christian Science Practitioner/Nurse,"Definition: A practitioner listed and certified by The First Church of Christ, Scientist, Boston, Massachusetts.Source: Paraphrased from Code of Federal Regulations #42, Section 440.170.",1,Active,"",2003-11-04 10:21:16.283
261,"639D12ED-CD0A-43FC-84E3-F5979B6CACB8","207ZC0500X",Pathology : Cytopathology,"Definition: A cytopathologist is an anatomic pathologist trained in the diagnosis of human disease by means of the study of cells obtained from body secretions and fluids, by scraping, washing, or sponging the surface of a lesion, or by the aspiration of a tumor mass or body organ with a fine needle.  A major aspect of a cytopathologists practice is the interpretation of Papanicolaou-stained smears of cells from the female reproductive systems, the Pap?test.  However, the cytopathologists expertise is applied to the diagnosis of cells from all systems and areas of the body.  He/she is a consultant to all medical specialists.A subspecialty certificate was first issued by the ABMS in 1989.  ACGME Accredited Residency Program Requirements:  None.",0,Active,"",2003-11-04 10:21:14.957
726,"51CC50A3-539B-48B2-9D86-F5F99A615D8A","2081N0008X",Physical Medicine & Rehabilitation : Neuromuscular Medicine,"A physician who specializes in neuromuscular medicine possesses specialized knowledge in the science, clinical evaluation and management of these disorders. This encompasses the knowledge of the pathology, diagnosis and treatment of these disorders at a level that is significantly beyond the training and knowledge expected of a general neurologist, child neurologist or physiatrist.",0,Active,"",2008-04-16 11:26:00.000
559,CB54A045-580A-429C-8484-F618466C903D,"261QX0200X",Ambulatory Health Care Facilities : Clinic/Center : Oncology,"Definition: An entity, facility, or distinct part of a facility providing diagnostic, treatment and prescriptive services related to cancerous conditions.  Services include chemotherapy infusions and monitoring of implanted chemotherapeutic agents.",0,Active,"",2003-11-04 10:21:15.817
572,"1888C771-F6E8-4B9E-99E9-F660194FCC42","283Q00000X",Hospitals : Psychiatric Hospital,"Definition: An organization including a physical plant and personnel that provides multidisciplinary diagnostic and treatment mental health services to patients requiring the safety, security, and shelter of the inpatient or partial hospitalization settings.Source: Expanded from Rhea, Ott, and Shafritz, The Facts On File Dictionary of Health Care Management, New York: Facts On File Publications, 1988.",1,Active,"",2003-11-04 10:21:15.863
517,"07EB04C8-C9E5-45D8-AC6A-F682BCE12B82","261QG0250X",Ambulatory Health Care Facilities : Clinic/Center : Genetics,"Definition: An entity, facility, or distinct part of a facility providing analysis of family history, genetic laboratory testing and analysis, diagnosis of genetic trait, prognosis and options.  Laboratory studies may be outsourced.",0,Active,"",2003-11-04 10:21:15.690
385,"15A40181-77BD-4E99-9702-F6E0533B0633","225CA2500X","Respiratory, Rehabilitative & Restorative Service Providers : Rehabilitation Counselor : Assistive Technology Supplier","Definition to come...",0,Active,"",2003-11-04 10:21:15.300
478,"3FC9D257-F08C-4B64-963F-F70FC59897B9","2471M2300X","Technologists, Technicians & Other Technical Service Providers : Radiologic Technologist : Mammography","Definition to come...",0,Active,"",2003-11-04 10:21:15.567
728,"33D80A1B-61F8-4409-B556-F793E2A8B5BD","2084N0008X",Psychiatry & Neurology : Neuromuscular Medicine,"A neurologist or child neurologist who specializes in the diagnosis and management of disorders of nerve, muscle or neuromuscular junction, including amyotrophic lateral sclerosis, peripheral neuropathies (e.g., diabetic and immune mediated neuropathies), various muscular dystrophies, congenital and acquired myopathies, inflammatory myopathies (e.g., polymyositis, inclusion body myositis) and neuromuscular transmission disorders (e.g., myasthenia gravis, Lambert-Eaton myasthenic syndrome).",0,Active,"",2008-04-16 11:26:00.000
481,E233B1FF-2848-4360-917C-F7C4B701DB47,"2471R0002X","Technologists, Technicians & Other Technical Service Providers : Radiologic Technologist : Radiation Therapy","Definition to come...",0,Active,"",2003-11-04 10:21:15.580
435,"92E0F079-F77B-40B0-AA13-F7FE74E5684C","246QH0000X","Technologists, Technicians & Other Technical Service Providers : Spec/Tech, Pathology : Hematology","Definition to come...",0,Active,"",2003-11-04 10:21:15.440
99,"51BD04BB-A318-4AC9-A382-F82E9959082C","163WD0400X",Nursing Service Providers : Registered Nurse : Diabetes Educator,"Definition to come...",0,Active,"",2003-11-04 10:21:14.300
258,"7A0110AB-7513-401D-B2F6-F85263060E5E","207YX0901X",Otolaryngology : Otology & Neurotology,"Definition to come...",0,Active,"",2003-11-04 10:21:14.940
1104,"5D1FB78F-FC36-4053-A6B6-F87F1DE57135","202C00000X",Independent Medical Examiner,,0,"","",2009-09-08 13:42:59.440
148,"61BE6357-DDD7-41D0-8A5E-F8B1B0C5C356","171100000X",Other Service Providers : Acupuncturist,"Definition: An acupuncturist is a person who performs ancient therapy for alleviation of pain, anesthesia and treatment of some diseases. Acupuncturists use long, fine needles inserted into specific points in order to treat painful conditions or produce anesthesia.",1,Active,"",2003-11-04 10:21:14.643
231,"3A196574-4769-4017-AF4F-F90639628DFA","207SG0205X",Medical Genetics : Ph.D. Medical Genetics,"Definition to come...",0,Active,MDG,2003-11-04 10:21:14.863
1117,AA062627-AF0C-4F8D-BE64-F955B39F6616,"2084H0002X",Psychiatry & Neurology: Hospice and Palliative Medicine,,0,"","",2009-09-08 13:42:59.440
637,"63155B30-4657-446B-9390-F9CF886162D2","363AS0400X",Physician Assistants & Advanced Practice Nursing Providers : Physician Assistant : Surgical,"Definition to come...",0,Active,"",2003-11-04 10:21:16.067
669,A1333EFB-6D5C-4DE1-B9F7-F9D218DDD4CD,"364SL0600X",Physician Assistants & Advanced Practice Nursing Providers : Clinical Nurse Specialist : Long-Term Care,"Definition to come...",0,Active,"",2003-11-04 10:21:16.160
709,"40A63936-BD54-4E87-8CC1-F9FE7BBA6276","","","",0,Active,"",2003-11-18 09:21:16.333
730,F200FEF1-7DBB-4B30-B607-FAB8BA700765,"251300000X",Local Education Agency (LEA),"The term local education agency means a public board of education or other public authority legally constituted within a State to either provide administrative control or direction of, or perform a service function for public schools serving individuals ages 0 ?21 in a state, city, county, township, school district, or other political subdivision including a combination of school districts or counties recognized in a State as an administrative agency for its public schools.  An LEA may provide, or employ professional who provide, services to children included in the Individuals with Disabilities Education Act (IDEA), such services may include, but are not limited to, such medical services as physical, occupational, and speech therapy.",1,Active,"",2008-04-16 11:26:00.000
316,A0576254-EB5C-4BCE-AB26-FABC87542FE5,"2084P0804X",Psychiatry & Neurology : Child & Adolescent Psychiatry,"Definition to come...",0,Active,"",2003-11-04 10:21:15.097
331,"9781BC10-5FE0-408A-8237-FAE0DE1B7A08","208600000X",Surgery,"Definition to come...",1,Active,SUR,2003-11-04 10:21:15.143
665,EE547C17-5CC1-4944-8AD8-FB59260E0475,"364SG0600X",Physician Assistants & Advanced Practice Nursing Providers : Clinical Nurse Specialist : Gerontology,"Definition to come...",0,Active,"",2003-11-04 10:21:16.160
1096,"0B1E483F-20C6-4B89-98DD-FBA1A514AAB0","1710I1003X",Military Health Care Provider: Independent Duty Medical Technicians,,0,"","",2009-09-08 13:42:59.440
731,"75465DAD-CA43-40FF-A8DF-FBE18C2A2B0C","251S00000X",Community/Behavioral Health,"A private or public agency usually under local government jurisdiction, responsible for assuring the delivery of community based mental health, mental retardation, substance abuse and/or behavioral health services to individuals with those disabilities. Services may range from companion care, respite, transportation, community integration, crisis intervention and stabilization, supported employment, day support, prevocational services, residential support, therapeutic and supportive consultation, environmental modifications, intensive in-home therapy and day treatment, in addition to traditional mental health and behavioral treatment.",1,Active,"",2008-04-16 11:26:00.000
26,ED2E0E2B-B0BA-4D26-97BB-FC0F3EAB1A30,"103TP0814X",Behavioral Health & Social Service Providers : Psychologist : Psychoanalysis,"Definition: (1) A practitioner of psychoanalysis: methods of eliciting from patients their past emotional experiences and their role in influencing their current mental life, in order to discover the conflicts and mechanisms by which their pathologic mental state has been produced and to furnish hints for psychotherapeutic procedures, the method employs free association, recall and interpretation of dreams and interpretation of transference and resistance phenomena; (2) An individual who is educated with a doctors degree in psychoanalysis or psychology, trained at an established psychoanalytic institute, and practices or adheres to the principles of psychoanalysis. Psychoanalysis is a form of psychotherapy and a system of investigation for determining and understanding mental processes, which was originally conceived by Sigmund Freud. Psychoanalysis involves the analysis and interpretation of dreams, resistances, and transferences, and uses free association and catharsis. Clinical practice requires licensure.Sources: (1) Dorlands Illustrated Medical Dictionary, 28th Edition, W.B. Saunders Company: Philadelphia, 1994, p. 1382; (2)American Psychological Association, Washington, DC, 1997, and Rhea, Ott, and Shafritz, The Facts On File Dictionary of Health Care Management, New York: Facts On File Publications, 1988.",0,Active,PSC,2003-11-04 10:21:14.130
236,"015AB375-843A-4A2A-912F-FC80BCC0433D","207UN0902X",Nuclear Medicine : Nuclear Imaging & Therapy,"Definition to come...",0,Active,"",2003-11-04 10:21:14.880
432,"8200F83C-55E1-4907-B8C6-FE21B871F798","246QB0000X","Technologists, Technicians & Other Technical Service Providers : Spec/Tech, Pathology : Blood Banking","Definition to come...",0,Active,"",2003-11-04 10:21:15.440
152,B427E88A-8489-4198-A4E0-FE29FC30113E,"172A00000X",Other Service Providers : Driver,"Definition: A person employed to operate a motor vehicle as a carrier of persons or property.",1,Active,"",2003-11-04 10:21:14.660
651,"7781CDDE-9E83-49B9-9B1C-FE6B9798DA4A","363LP2300X",Physician Assistants & Advanced Practice Nursing Providers : Nurse Practitioner : Primary Care,"Definition to come...",0,Active,"",2003-11-04 10:21:16.113
660,"2F82470D-F5C7-4CF0-946B-FE7F95FFDAFE","364SC1501X",Physician Assistants & Advanced Practice Nursing Providers : Clinical Nurse Specialist : Community Health/Public Health,"Definition to come...",0,Active,"",2003-11-04 10:21:16.143
582,BC1E3140-3BF9-4FF2-BAFB-FEA3CF013666,"292200000X",Laboratories : Dental Laboratory,"Definition: A commercial laboratory specializing in the construction of dental appliances that conform to a dentists specifications including the construction of dentures (complete or partial), orthodontic appliances, bridgework, crowns, and inlays.Source: Lexikon: Dictionary of Health Care Terms, Organizations and Acronyms for the Era of Reform, The Joint Commission on Accreditation of Healthcare Organizations, Oakbrook Terrace, Illinois: 1994, p. 1245.",1,Active,"",2003-11-04 10:21:15.893
235,"1369A5C1-FCED-4546-A458-FEA6B1B494AA","207UN0901X",Nuclear Medicine : Nuclear Cardiology,"Definition to come...",0,Active,"",2003-11-04 10:21:14.880
541,DB9DBA8B-4556-461D-94C2-FF07628FB5E0,"261QR0200X",Ambulatory Health Care Facilities : Clinic/Center : Radiology,"Definition to come...",0,Active,"",2003-11-04 10:21:15.770
476,"5C205691-27B2-43E1-857E-FF4BD96F1E22","2471C3402X","Technologists, Technicians & Other Technical Service Providers : Radiologic Technologist : Radiography","Definition to come...",0,Active,"",2003-11-04 10:21:15.567
716,"1676FEBA-08B6-4E5B-BA53-FF617322532F","173F00000X","Sleep Specialist, PhD","Sleep medicine is a clinical specialty with a focus on clinical problems that require accurate diagnosis and treatment. The knowledge base of sleep medicine is derived from many disciplines including neuroanatomy, neurophysiology, respiratory physiology, pharmacology, psychology, psychiatry, neurology, general internal medicine, pulmonary medicine, and pediatrics as well as others.",1,Active,"",2008-04-16 11:26:00.000
1102,E5A20F14-4093-4959-A060-FF8836F82C01,"173C00000X",Reflexologist,,0,"","",2009-09-08 13:42:59.440
133,"3843AA3A-43AF-4172-A206-FFB2A832138B","163WU0100X",Nursing Service Providers : Registered Nurse : Urology,"Definition to come...",0,Active,"",2003-11-04 10:21:14.550
